Applicant_Income,Coapplicant_Income,Age,Dependents,Credit_Score,Existing_Loans,DTI_Ratio,Savings,Collateral_Value,Loan_Amount,Loan_Term,Education_Level,Loan_Approved,Employment_Status_Salaried,Employment_Status_Self-employed,Employment_Status_Unemployed,Marital_Status_Single,Loan_Purpose_Car,Loan_Purpose_Education,Loan_Purpose_Home,Loan_Purpose_Personal,Property_Area_Semiurban,Property_Area_Urban,Gender_Male,Employer_Category_Government,Employer_Category_MNC,Employer_Category_Private,Employer_Category_Unemployed
1.407951399160553,-1.2889046801168929,1.0162555902125519,-1.3699121955925249,-0.561612436943705,1.496055972918659,1.2995772087423412,1.6573824505896821,1.4908814002337385,-0.3483397281545569,1.5241982074288005,1,0,1.0,0.0,0.0,0.0,0.0,0.0,0.0,1.0,0.0,1.0,0.0,0.0,0.0,1.0,0.0
-1.6209245029225063,-0.8382796580412812,0.5555116698622966,1.4168470888034037,-0.7918187106491232,0.03611434551986492,-0.3361233679293271,-1.2891967189181075,1.7509154336199866,1.6207958254937722,0.0,0,0,1.0,0.0,0.0,0.0,1.0,0.0,0.0,0.0,1.0,0.0,1.0,0.0,0.0,1.0,0.0
-0.7022229403891111,-1.0381311577698613,-1.3796127956087754,0.4879273273380942,-0.029260428999925345,1.496055972918659,-1.0472975316996174,0.683713449621139,-1.2804774641166725,0.6621048526644425,1.016132138285867,0,1,1.0,0.0,0.0,1.0,0.0,0.0,0.0,0.0,0.0,1.0,0.0,1.0,0.0,0.0,0.0
0.6310097466074762,1.0779230287105839,0.0026189654419902656,0.4879273273380942,-1.3961101791258461,0.766085159219262,-0.265005951552298,-0.06786303592590527,-0.9988335578403178,0.6510402881976856,0.5080660691429335,0,0,1.0,0.0,0.0,0.0,0.0,0.0,0.0,0.0,0.0,0.0,0.0,1.0,0.0,0.0,0.0
0.49310311028899745,-0.2997618298023152,-0.8267200911884691,0.4879273273380942,0.6469705000097408,-0.6938564681795322,-0.40724078430635624,-0.09711339087495127,0.9177904334229343,-0.6943750588165208,1.016132138285867,0,1,0.0,1.0,0.0,1.0,1.0,0.0,0.0,0.0,0.0,1.0,1.0,0.0,0.0,1.0,0.0
-0.5247695480675392,-0.08770299588438034,1.2005531583526539,-0.44099243412721534,-1.0651886606743075,-0.6938564681795322,1.5129294578734285,1.6782255178887031,-1.5664862784933467,-0.9569800041847931,-0.5080660691429335,0,0,1.0,0.0,0.0,1.0,0.0,0.0,1.0,0.0,1.0,0.0,1.0,0.0,0.0,0.0,1.0
1.6219094893311339,-0.8072381511026362,1.661297078702909,-1.3699121955925249,0.15778216838572698,-1.4238272818789293,0.9439901268571956,0.8222585440205126,-1.1314265858713353,0.5014902071792606,-1.016132138285867,0,0,1.0,0.0,0.0,0.0,0.0,0.0,1.0,0.0,0.0,0.0,1.0,0.0,0.0,1.0,0.0
-0.8977258777582486,-0.6614477027840561,0.6476604539323476,0.4879273273380942,-0.5760003290502936,1.496055972918659,-3.947809655681591e-16,-1.6235615548326512,-0.9467408841184717,1.179997853995551,1.5241982074288005,0,0,1.0,0.0,0.0,0.0,0.0,0.0,0.0,1.0,0.0,0.0,0.0,0.0,0.0,1.0,0.0
1.1297044800003282,0.0,1.2927019424227049,-0.44099243412721534,0.7620736368624499,-1.4238272818789293,1.7262817070045149,-1.604995461272179,1.306839701315348,1.2606620981725534,-0.5080660691429335,0,0,1.0,0.0,0.0,0.0,0.0,0.0,1.0,0.0,1.0,0.0,1.0,0.0,0.0,1.0,0.0
0.5091246165671737,-0.866182136188378,-0.458124954908265,1.4168470888034037,0.718909960542684,-0.6938564681795322,-3.947809655681591e-16,-1.2117796118074589,0.3499230451584143,0.1480487567532578,0.5080660691429335,0,1,0.0,0.0,0.0,1.0,0.0,0.0,0.0,1.0,0.0,0.0,0.0,1.0,0.0,0.0,0.0
1.454190683102631,-0.3660302154016698,1.1084043742826029,0.4879273273380942,0.17217006049231562,-0.6938564681795322,-1.5451194463388207,1.4543814842067821,1.0877356258534074,-0.9019248729268169,-1.5241982074288005,1,1,1.0,0.0,0.0,0.0,0.0,1.0,0.0,0.0,0.0,1.0,0.0,0.0,1.0,0.0,0.0
-0.10760197320414094,1.1668621778044546,0.09476774951204131,-0.44099243412721534,0.9635041263546908,1.496055972918659,-0.8339452825685303,0.0,0.9681657662528514,-0.7529101740600093,1.5241982074288005,0,1,0.0,1.0,0.0,0.0,1.0,0.0,0.0,0.0,1.0,0.0,1.0,1.0,0.0,0.0,0.0
-1.4536113044478816,-1.3178535011945056,-1.3796127956087754,0.4879273273380942,0.8484009895019817,0.766085159219262,-0.1938885351752689,0.6789843503179999,-0.5230585749054899,-0.4028594772609158,-0.5080660691429335,0,0,0.0,0.0,0.0,0.0,0.0,0.0,0.0,0.0,0.0,0.0,1.0,0.0,0.0,1.0,0.0
-1.63937965572395,0.7971543423554234,-1.2874640115387244,-1.3699121955925249,1.3088135369128182,0.766085159219262,-1.1895323644536755,0.7565766092546907,1.0657679736108159,0.2301406866679063,1.016132138285867,0,0,0.0,1.0,0.0,1.0,0.0,0.0,0.0,1.0,1.0,0.0,1.0,0.0,0.0,1.0,0.0
-1.3019140044975548,0.2771219058889089,1.661297078702909,-1.3699121955925249,0.5318673631570316,1.496055972918659,1.5840468742504568,-1.552975368937648,2.603187403912355e-16,-0.09555012223260129,1.5241982074288005,0,0,0.0,0.0,0.0,1.0,0.0,0.0,0.0,0.0,1.0,0.0,1.0,0.0,1.0,0.0,0.0
-0.7182444466672874,-1.3188998441250217,0.18691653358209237,1.4168470888034037,0.48870368683726567,1.496055972918659,0.9439901268571956,-0.005684137680927245,-0.017301682232401784,-1.017478187317545,1.016132138285867,1,0,1.0,0.0,0.0,0.0,0.0,0.0,0.0,1.0,0.0,1.0,0.0,0.0,0.0,1.0,0.0
-0.7709734546714115,-0.8864114328450231,-0.18167860269811184,0.4879273273380942,0.6901341763295067,-1.4238272818789293,-0.8339452825685303,-0.08152487835719621,-0.4844184048370876,-1.0442472948984085,0.0,0,1,0.0,0.0,1.0,0.0,0.0,0.0,0.0,1.0,0.0,1.0,0.0,0.0,0.0,1.0,0.0
-0.4933349471420036,-1.0573141114959903,-0.550273738978316,-0.44099243412721534,-1.640704344937853,1.496055972918659,0.3750507958409635,0.5145167856643819,-1.248778213486483,-0.1207130833586131,0.0,0,0,1.0,0.0,0.0,0.0,0.0,0.0,1.0,0.0,0.0,1.0,1.0,0.0,0.0,1.0,0.0
1.7675226729732925,0.6021857763025853,-0.9188688752585202,1.4168470888034037,-1.2522312580599597,0.766085159219262,0.8017552941031377,0.9072071796509755,0.08001430164357443,-0.29123229864871447,0.0,1,0,1.0,0.0,0.0,0.0,0.0,0.0,1.0,0.0,0.0,0.0,0.0,0.0,0.0,1.0,0.0
-0.49820224018853815,1.2383622780563899,-0.6424225230483671,0.4879273273380942,-0.5472245448371164,0.0,1.5840468742504568,-1.3932369035871692,-0.3908948820974546,0.22987299559209765,1.5241982074288005,0,0,1.0,0.0,0.0,1.0,1.0,0.0,0.0,0.0,0.0,1.0,1.0,0.0,0.0,1.0,0.0
-0.0378374395371458,1.364969772648841,1.0162555902125519,1.4168470888034037,-0.8493702790754778,-1.4238272818789293,1.3706946251193701,0.15493008679976247,-0.708531391233821,-0.8810449690137432,-1.5241982074288005,0,0,0.0,0.0,1.0,0.0,0.0,0.0,0.0,0.0,0.0,0.0,1.0,0.0,1.0,0.0,0.0
-1.2382335871387278,-1.7468541027061173,0.9241068061425007,-0.44099243412721534,-1.2234554738467824,-1.4238272818789293,0.09058113033284712,-0.13091769330109426,2.603187403912355e-16,0.957635800357177,0.5080660691429335,0,0,0.0,0.0,0.0,0.0,1.0,0.0,0.0,0.0,0.0,1.0,1.0,0.0,0.0,0.0,0.0
-1.7570059043485347,0.6621761043188432,-1.5639103637488776,1.4168470888034037,0.2872731973450247,-1.4238272818789293,1.0151075432342247,1.3118078978084382,0.9869849601935733,-0.6886643158659366,1.5241982074288005,0,0,1.0,0.0,0.0,0.0,0.0,0.0,0.0,0.0,0.0,1.0,1.0,1.0,0.0,0.0,0.0
-1.1859101868884816,0.136911953199748,0.9241068061425007,1.4168470888034037,1.193710400060109,-1.4238272818789293,0.23281596308690533,-1.359958056639153,-0.24506401802448435,-0.9617984435493485,-1.016132138285867,0,1,1.0,0.0,0.0,1.0,0.0,0.0,1.0,0.0,0.0,1.0,0.0,0.0,0.0,1.0,0.0
-1.4102112747829485,1.0985011063440677,-1.2874640115387244,1.4168470888034037,1.4670803500852931,0.0,0.23281596308690533,1.5381040570549498,1.3968569864006262,1.1405580354930784,1.016132138285867,0,0,0.0,0.0,1.0,1.0,0.0,0.0,1.0,0.0,0.0,1.0,0.0,1.0,0.0,0.0,0.0
-1.538383325008358,0.0,0.8319580220724497,0.4879273273380942,-0.4752850843041732,1.496055972918659,-1.3317671972077336,0.01866196613893739,-0.14188045276775074,0.5652006832217161,1.016132138285867,0,0,1.0,0.0,0.0,0.0,0.0,0.0,0.0,0.0,0.0,0.0,1.0,1.0,0.0,0.0,0.0
1.8372872066402874,0.24887064676497347,-1.1031664433986224,-0.44099243412721534,-1.5543769922983213,-0.6938564681795322,-1.3317671972077336,1.2161750007894014,0.018404697145621842,-0.7891376996527781,1.5241982074288005,0,0,0.0,0.0,0.0,1.0,0.0,0.0,0.0,1.0,0.0,1.0,1.0,1.0,0.0,0.0,0.0
0.5154115367522808,0.7179810606130366,1.2005531583526539,-1.3699121955925249,0.8484009895019817,1.496055972918659,0.09058113033284712,1.5197131153205197,0.5609413072541892,0.9196236675923507,1.5241982074288005,1,1,1.0,0.0,0.0,0.0,1.0,0.0,0.0,0.0,0.0,1.0,1.0,0.0,0.0,1.0,0.0
-1.074165250695126,-1.2069411505597962,-0.2738273867681629,0.0,-1.4968254238719667,0.03611434551986492,-0.8339452825685303,-0.9339888157045428,0.04115946396368098,-0.7618332099202971,0.5080660691429335,1,0,1.0,0.0,0.0,0.0,0.0,0.0,0.0,0.0,0.0,1.0,1.0,0.0,0.0,0.0,1.0
-1.0064287557975202,1.0318839397678743,-0.8267200911884691,-1.3699121955925249,-1.0508007685677188,-1.4238272818789293,-1.6873542790928788,0.3442692107513716,-1.191605072959347,0.7820304546267116,-1.5241982074288005,1,0,1.0,0.0,0.0,0.0,1.0,0.0,0.0,0.0,0.0,0.0,0.0,1.0,0.0,0.0,0.0
-0.0029551727036482285,-1.653729581890182,-0.6424225230483671,0.0,1.1649346158469318,0.03611434551986492,0.8017552941031377,-0.47404012051774763,2.603187403912355e-16,-0.6363753257246496,1.5241982074288005,0,0,1.0,0.0,0.0,0.0,0.0,0.0,0.0,1.0,1.0,0.0,0.0,0.0,0.0,0.0,1.0
1.1457259862785043,-1.0492921490287,-0.8267200911884691,0.4879273273380942,-0.8925339553952437,0.766085159219262,-1.6162368627158499,-0.5833348599680752,-0.05322272922191653,-1.308279926004327,0.0,0,0,1.0,0.0,0.0,0.0,1.0,0.0,0.0,0.0,0.0,1.0,0.0,0.0,0.0,1.0,0.0
0.3598609631401143,0.0,1.0162555902125519,0.4879273273380942,0.18655795259890426,0.766085159219262,0.3750507958409635,0.1022093871610628,0.6956810114001181,1.324283343856406,0.5080660691429335,1,0,0.0,0.0,0.0,1.0,0.0,1.0,0.0,0.0,0.0,0.0,1.0,0.0,0.0,1.0,0.0
-0.012284151042839439,-1.5477001649312145,0.7398092380023986,-0.44099243412721534,-1.482437531765378,1.496055972918659,0.1616985467098762,1.2336901833936207,-0.472969465557561,-0.23733716205257568,-1.016132138285867,0,0,1.0,0.0,0.0,0.0,0.0,0.0,0.0,0.0,0.0,1.0,1.0,0.0,0.0,1.0,0.0
0.34525908400051064,-0.28581059072876686,-1.2874640115387244,-0.44099243412721534,-1.3385586106994916,1.496055972918659,1.655164290627486,0.60787270894487,1.3713115406331824,1.0686383664591583,0.0,1,0,0.0,0.0,0.0,0.0,0.0,0.0,1.0,0.0,0.0,1.0,1.0,0.0,1.0,0.0,0.0
0.28401231316495096,1.296957482165293,-0.36597617083821393,1.4168470888034037,-1.0651886606743075,-0.6938564681795322,-0.051653702421210694,-0.13319466703964275,0.21453933817801213,0.7380398878354923,-1.016132138285867,0,0,1.0,0.0,0.0,0.0,1.0,0.0,0.0,0.0,0.0,0.0,1.0,0.0,0.0,1.0,0.0
-0.08509074286391867,0.36745617889013443,-1.4717615796788266,-1.3699121955925249,1.754838192217066,-0.6938564681795322,-1.5451194463388207,0.9255981213854056,1.735960256686105,-1.0354134893967235,-0.5080660691429335,0,1,0.0,0.0,1.0,0.0,0.0,0.0,0.0,0.0,0.0,1.0,1.0,0.0,1.0,0.0,0.0
0.27995623562617217,1.242896430755293,1.384850726492756,-0.44099243412721534,0.1290063841725497,0.766085159219262,0.23281596308690533,0.023215913616034374,0.10326995955511287,0.06774143401066689,-1.016132138285867,0,1,1.0,0.0,0.0,1.0,0.0,0.0,0.0,0.0,0.0,0.0,1.0,0.0,1.0,0.0,0.0
0.4387516712693617,1.6802677757110336,0.5555116698622966,1.4168470888034037,-1.5687648844049098,-1.4238272818789293,1.228459792365312,-0.9558827939598168,-0.8583693840546256,-3.246181535464667e-16,0.0,1,0,1.0,0.0,0.0,0.0,1.0,0.0,0.0,0.0,0.0,1.0,1.0,0.0,0.0,0.0,0.0
-1.2656121105254847,-0.7371331747580557,-0.7345713071184181,-0.44099243412721534,-1.007637092247953,0.03611434551986492,1.797399123381544,-0.707517504631989,-0.5200532283446142,-1.2401971623903303,-0.5080660691429335,1,0,1.0,0.0,0.0,0.0,0.0,0.0,1.0,0.0,1.0,0.0,0.0,0.0,0.0,0.0,0.0
1.4063289681450415,-0.716555097124572,-0.8267200911884691,0.4879273273380942,-0.21630302638557766,-0.6938564681795322,-0.1938885351752689,0.0,-1.381800576740483,1.2655697678957116,0.0,0,1,0.0,0.0,0.0,1.0,0.0,0.0,1.0,0.0,0.0,1.0,0.0,0.0,0.0,0.0,0.0
1.684575887305266,0.8930691109860683,1.569148294632858,-0.44099243412721534,-1.7558074817905622,-0.6938564681795322,-0.6205930334374431,1.4358153906463098,0.4689920136654911,-1.0124812872357838,1.016132138285867,0,0,0.0,1.0,0.0,0.0,1.0,0.0,0.0,0.0,0.0,0.0,1.0,0.0,0.0,0.0,0.0
0.6800882848266996,-0.8375820960876039,0.4633628857922455,-1.3699121955925249,0.3879884420911452,-1.4238272818789293,1.4418120414963993,1.5601731871362658,-1.3238403216378796,1.2497759944230022,0.0,1,0,0.0,0.0,0.0,0.0,0.0,0.0,0.0,0.0,1.0,0.0,0.0,0.0,0.0,1.0,0.0
0.0,-0.5069377300445082,-0.18167860269811184,-0.44099243412721534,0.44554001051749975,-1.4238272818789293,-1.0472975316996174,0.08311783812246391,0.5374709817311597,-0.5872986284930662,-0.5080660691429335,0,1,1.0,0.0,0.0,0.0,0.0,0.0,1.0,0.0,0.0,1.0,1.0,0.0,0.0,0.0,0.0
1.1536353374791228,-0.29906426784863777,-0.08952981862806078,-1.3699121955925249,0.7908494210756272,1.496055972918659,-3.947809655681591e-16,-0.956057945785859,2.603187403912355e-16,-1.593103230664716,0.0,1,0,1.0,0.0,0.0,0.0,1.0,0.0,0.0,0.0,0.0,1.0,1.0,0.0,1.0,0.0,0.0
-1.1560980169784574,-0.7029526390278623,0.27906531765214343,0.4879273273380942,-1.640704344937853,0.03611434551986492,-3.947809655681591e-16,-0.044567843062293784,-1.4351097002607787,0.06452914110096326,0.0,0,0,0.0,1.0,0.0,1.0,1.0,0.0,0.0,0.0,0.0,1.0,0.0,0.0,0.0,1.0,0.0
-1.4738916921417755,0.2994438884065862,1.661297078702909,-1.3699121955925249,-0.6335518974766482,0.0,-1.6162368627158499,-0.44496491739474386,1.5887698310736909,0.07139987871338492,-1.5241982074288005,0,0,1.0,0.0,0.0,1.0,1.0,0.0,0.0,0.0,0.0,0.0,1.0,0.0,0.0,0.0,1.0
-0.9956801503197564,-1.2892534610937316,-0.18167860269811184,-0.44099243412721534,-1.4104980712324349,-0.6938564681795322,-0.549475617060414,-0.5490051020638057,1.1711697708529578,1.282345075313053,-1.5241982074288005,0,0,1.0,0.0,0.0,0.0,0.0,0.0,0.0,0.0,0.0,1.0,0.0,0.0,0.0,1.0,0.0
-1.5882730787353372,-0.7730576153724428,0.5555116698622966,1.4168470888034037,-1.7845832660037395,-0.6938564681795322,-0.8339452825685303,0.10080817255272527,-1.0101393853788503,-1.2047727100249874,-1.5241982074288005,0,0,0.0,0.0,1.0,1.0,0.0,0.0,1.0,0.0,0.0,1.0,1.0,0.0,0.0,1.0,0.0
0.567937740879466,-0.1027005778884448,-1.2874640115387244,0.4879273273380942,-0.5328366527305277,0.0,0.6595204613490796,-0.44566552469891263,0.904910376733467,1.5508392243491151,-1.5241982074288005,0,0,0.0,0.0,1.0,0.0,0.0,0.0,0.0,0.0,0.0,0.0,1.0,0.0,0.0,1.0,0.0
0.39596005323524547,0.14214366785232863,-1.4717615796788266,-0.44099243412721534,-0.3314061632382868,-1.4238272818789293,1.5840468742504568,-0.45582433060935973,-0.4230234679506261,-0.9647430453832435,0.5080660691429335,0,0,0.0,0.0,1.0,0.0,0.0,1.0,0.0,0.0,0.0,1.0,1.0,0.0,0.0,1.0,0.0
0.9256837797997551,-0.3342911465093473,0.8319580220724497,0.4879273273380942,-0.05803621321310263,1.496055972918659,-0.8339452825685303,0.0016722390128448036,0.8152508710006742,-1.0367519447757667,-1.5241982074288005,0,1,0.0,0.0,0.0,0.0,0.0,0.0,1.0,0.0,0.0,0.0,0.0,0.0,1.0,0.0,0.0
-0.17513566422480775,1.1361694518426482,1.2927019424227049,0.4879273273380942,0.8484009895019817,0.03611434551986492,1.1573423759882828,0.44830939542043347,0.36673867472521904,1.3855846002165837,-0.5080660691429335,0,0,1.0,0.0,0.0,0.0,0.0,0.0,0.0,0.0,0.0,1.0,0.0,0.0,0.0,0.0,1.0
0.170239338202206,-0.4298571341631535,-0.2738273867681629,-0.44099243412721534,1.7692260843236547,1.496055972918659,-3.947809655681591e-16,0.28103940155014046,-1.2385457240054063,0.1266334706885669,1.5241982074288005,0,1,1.0,0.0,0.0,0.0,0.0,0.0,1.0,0.0,0.0,1.0,0.0,0.0,1.0,0.0,0.0
0.839086524346828,0.11598509458942549,-0.36597617083821393,-0.44099243412721534,-0.7342671422227687,-0.6938564681795322,0.1616985467098762,-0.8231177098198356,0.8529608147526149,0.42189672730549277,-1.5241982074288005,1,0,0.0,1.0,0.0,1.0,0.0,1.0,0.0,0.0,0.0,0.0,0.0,0.0,0.0,0.0,1.0
0.0,0.9056252261522618,-1.6560591478189286,1.4168470888034037,0.04267903153301785,1.496055972918659,-1.4740020299617915,-0.9187506068388722,0.3630893253298699,0.49390562669801596,0.0,0,1,0.0,0.0,0.0,1.0,0.0,0.0,0.0,1.0,0.0,0.0,1.0,0.0,0.0,1.0,0.0
-0.6444238354615134,0.6056735860709724,1.2927019424227049,0.0,1.0929951553139885,-0.6938564681795322,1.5840468742504568,0.27841212415950756,0.22741939486747959,1.4028952897855422,1.5241982074288005,0,0,1.0,0.0,0.0,0.0,1.0,0.0,0.0,0.0,0.0,1.0,1.0,0.0,0.0,1.0,0.0
-1.762684412902825,1.4807650569592923,-6.547564913010081e-16,0.4879273273380942,-0.27385459481193225,-0.6938564681795322,0.9439901268571956,0.7656845042088847,-0.7711427779187322,-1.4660392000142166,-1.5241982074288005,0,0,1.0,0.0,0.0,0.0,0.0,0.0,0.0,0.0,0.0,1.0,0.0,1.0,0.0,0.0,0.0
-0.9238875778833718,1.1494231289625192,-0.6424225230483671,-0.44099243412721534,0.41676422630432247,-0.6938564681795322,0.5884030449720504,1.5818920135654977,-0.31347143021965584,0.48141337649361293,1.5241982074288005,0,0,1.0,0.0,0.0,0.0,0.0,1.0,0.0,0.0,0.0,1.0,1.0,0.0,1.0,0.0,0.0
-1.5935459795357496,1.5205260883189051,-1.1031664433986224,-1.3699121955925249,-0.6479397895832368,-0.6938564681795322,1.1573423759882828,0.7667354151651379,-1.113322950635584,-1.0989455047219732,-1.016132138285867,1,0,0.0,1.0,0.0,0.0,0.0,1.0,0.0,0.0,0.0,1.0,0.0,0.0,0.0,1.0,0.0
0.5438040795237323,-1.307738852866183,0.9241068061425007,-0.44099243412721534,0.0,-0.6938564681795322,0.5172856285950214,1.4407196417754913,0.6209766826012069,-3.246181535464667e-16,0.0,0,0,0.0,0.0,0.0,0.0,0.0,0.0,1.0,0.0,0.0,1.0,1.0,0.0,0.0,0.0,1.0
-0.24814505992282593,-0.32522284111154093,1.1084043742826029,0.4879273273380942,1.4670803500852931,0.766085159219262,1.655164290627486,1.7451335154368202,-0.08291841547818869,0.6648709937811317,-0.5080660691429335,1,0,0.0,0.0,0.0,0.0,0.0,0.0,1.0,0.0,0.0,1.0,1.0,0.0,0.0,0.0,0.0
-1.589287098120032,0.5871881942985209,1.476999510562807,-0.44099243412721534,1.2512619684864636,1.496055972918659,0.8017552941031377,0.2423308479948161,1.3627963920440345,0.7717689633873805,1.5241982074288005,0,0,1.0,0.0,0.0,1.0,1.0,0.0,0.0,0.0,0.0,0.0,1.0,0.0,0.0,1.0,0.0
-0.06562157067778049,-0.8271186667824426,0.9241068061425007,1.4168470888034037,1.1073830474205772,0.766085159219262,1.5129294578734285,-1.1774498539031892,-1.1650578450049447,1.1385949676038152,1.016132138285867,0,0,0.0,0.0,1.0,0.0,0.0,0.0,1.0,0.0,0.0,0.0,0.0,0.0,0.0,1.0,0.0
1.705464686629977,-0.08002981439392876,-1.7482079318889796,-1.3699121955925249,-1.798971158110328,0.766085159219262,0.09058113033284712,-1.0376786967215204,-1.6498488676224,1.7375091345463376,0.5080660691429335,0,0,1.0,0.0,0.0,0.0,0.0,0.0,0.0,0.0,0.0,1.0,0.0,1.0,0.0,0.0,0.0
0.0842504943800957,0.39396353312987625,1.75344586277296,-0.44099243412721534,-0.00048464478674806644,-1.4238272818789293,-1.3317671972077336,-1.2441826996252643,-0.5160460995967798,-0.5570495369266903,0.0,1,1,1.0,0.0,0.0,0.0,0.0,0.0,0.0,0.0,0.0,1.0,1.0,0.0,1.0,0.0,0.0
0.6758294034109819,0.8358690307845201,-0.2738273867681629,1.4168470888034037,1.4670803500852931,-1.4238272818789293,0.09058113033284712,1.1159881562932679,0.13704433042971637,1.497301009187388,0.0,1,1,1.0,0.0,0.0,0.0,0.0,0.0,0.0,0.0,0.0,1.0,1.0,0.0,1.0,0.0,0.0
-0.5113844921895692,0.11354362775155454,0.0026189654419902656,0.4879273273380942,0.11461849206596106,-1.4238272818789293,-1.3317671972077336,-0.509070485726186,1.7984285316300221,0.7076123355519106,-0.5080660691429335,0,1,1.0,0.0,0.0,0.0,0.0,0.0,0.0,1.0,0.0,1.0,1.0,0.0,0.0,1.0,0.0
-0.057103807846345035,1.7071239109276142,0.37121410172219443,-0.44099243412721534,-1.4536617475522007,0.03611434551986492,0.3750507958409635,0.0,-1.5818707906502105,-1.4821006645627348,-1.016132138285867,1,0,1.0,0.0,0.0,1.0,0.0,0.0,0.0,0.0,1.0,0.0,1.0,0.0,0.0,0.0,1.0
-0.33352549211411936,0.9181813413184553,0.18691653358209237,0.4879273273380942,1.3088135369128182,0.0,-0.051653702421210694,0.7774196765537115,-0.9152563010997735,0.5569914902302513,-1.5241982074288005,0,1,0.0,0.0,1.0,0.0,0.0,0.0,1.0,0.0,0.0,0.0,0.0,0.0,1.0,0.0,0.0
-0.7253425823601503,1.3461355998995508,0.8319580220724497,1.4168470888034037,-0.561612436943705,1.496055972918659,0.44616821221799224,-0.9986198395141116,-0.7237727916496909,-1.5332296600421842,0.0,1,0,1.0,0.0,0.0,1.0,0.0,0.0,1.0,0.0,0.0,0.0,1.0,0.0,0.0,1.0,0.0
1.5403823308016804,-1.1581118138023772,0.18691653358209237,0.4879273273380942,1.1073830474205772,0.766085159219262,-1.6873542790928788,0.38315291613273816,-0.09629936326113542,0.5939328586918431,-1.016132138285867,0,1,0.0,0.0,0.0,0.0,0.0,0.0,0.0,0.0,1.0,0.0,1.0,0.0,0.0,1.0,0.0
1.4933318313518464,0.7040298215394882,-1.0110176593285713,1.4168470888034037,-1.597540668618087,1.496055972918659,-1.0472975316996174,1.0361189236180286,2.603187403912355e-16,0.7450890861651197,-1.5241982074288005,0,0,1.0,0.0,0.0,0.0,0.0,1.0,0.0,0.0,0.0,1.0,1.0,1.0,0.0,0.0,0.0
-0.17168799831684578,0.9038813212680683,-6.547564913010081e-16,1.4168470888034037,0.34482476577137927,-1.4238272818789293,0.019463713955818012,-0.05770423001545816,1.07993603596923,1.6538110581768373,0.5080660691429335,0,1,1.0,0.0,0.0,0.0,0.0,1.0,0.0,0.0,0.0,1.0,1.0,1.0,0.0,0.0,0.0
-1.274535481110798,0.3625732452143925,-0.9188688752585202,1.4168470888034037,0.5894189315833862,0.03611434551986492,1.655164290627486,-1.0142083520318665,0.3690284625811244,-1.688758175087002,-0.5080660691429335,1,0,1.0,0.0,0.0,1.0,0.0,1.0,0.0,0.0,0.0,0.0,0.0,0.0,0.0,0.0,0.0
-1.3842523785347642,-1.6049002451327627,1.476999510562807,-0.44099243412721534,0.877176773715159,0.03611434551986492,-0.40724078430635624,0.2046732053957449,0.8360020734448161,0.8562701129843068,-0.5080660691429335,1,0,1.0,0.0,0.0,0.0,0.0,0.0,0.0,0.0,0.0,1.0,1.0,0.0,0.0,1.0,0.0
-1.2487793887395526,-1.7193004055358592,1.569148294632858,0.4879273273380942,-0.7774308185425346,0.766085159219262,-0.265005951552298,-1.4878188896499527,-0.18917888316629505,-0.4013425611646669,1.5241982074288005,1,0,1.0,0.0,0.0,1.0,0.0,0.0,0.0,1.0,0.0,0.0,1.0,0.0,0.0,0.0,0.0
1.3323055530623285,0.8840008055882619,0.7398092380023986,0.4879273273380942,-1.3673343949126688,1.496055972918659,0.8017552941031377,0.34952376553263736,-1.2087784818786371,-1.1044777869553517,1.5241982074288005,1,0,0.0,0.0,1.0,0.0,0.0,0.0,0.0,0.0,0.0,0.0,0.0,0.0,0.0,0.0,0.0
-0.7289930521450512,-1.2411216862899896,0.7398092380023986,-1.3699121955925249,-1.6119285607246758,-0.6938564681795322,0.3750507958409635,0.1918871220946649,-1.5820854582617017,1.4408181921917655,-1.016132138285867,0,0,0.0,1.0,0.0,1.0,1.0,0.0,0.0,0.0,0.0,0.0,1.0,0.0,0.0,1.0,0.0
-0.42924892202929876,-1.0332482240941194,0.09476774951204131,-1.3699121955925249,1.4670803500852931,1.496055972918659,-0.6917104498144723,-0.6082064192660664,1.7870511482209925,-1.0554903200823713,1.016132138285867,0,1,0.0,1.0,0.0,0.0,0.0,1.0,0.0,0.0,0.0,1.0,0.0,1.0,0.0,0.0,0.0
0.0,-0.9554700662590874,0.37121410172219443,-1.3699121955925249,0.2009458447054929,-1.4238272818789293,-0.265005951552298,0.0,-0.6400524231681525,-1.311046067121016,1.5241982074288005,1,0,1.0,0.0,0.0,1.0,0.0,0.0,0.0,0.0,0.0,0.0,1.0,0.0,0.0,1.0,0.0
1.0410791857780115,0.01867520205142579,-1.6560591478189286,-1.3699121955925249,-1.7558074817905622,-0.6938564681795322,-0.9761801153225884,-1.0098295563808117,0.28673921150952686,0.3932537821939687,0.0,0,0,1.0,0.0,0.0,0.0,1.0,0.0,0.0,0.0,0.0,0.0,1.0,0.0,0.0,1.0,0.0
0.7733780682186117,0.23631453159877996,-1.1031664433986224,0.4879273273380942,1.0929951553139885,0.03611434551986492,1.655164290627486,0.9544981726823673,-0.3370848674836795,0.37737077836265626,0.5080660691429335,0,0,1.0,0.0,0.0,1.0,0.0,0.0,1.0,0.0,1.0,0.0,1.0,1.0,0.0,0.0,0.0
-0.6004153941657636,-1.340175483712183,0.6476604539323476,1.4168470888034037,-0.763042926435946,0.766085159219262,-1.2606497808307044,-0.8513171538126284,-0.11161231954750227,-0.8060914677873251,0.0,0,0,0.0,1.0,0.0,0.0,0.0,1.0,0.0,0.0,0.0,0.0,1.0,0.0,0.0,0.0,1.0
-1.0731512313104312,-1.7517370363818592,0.18691653358209237,1.4168470888034037,-1.079576552780896,0.766085159219262,-0.40724078430635624,0.9686854705917848,1.709985475695679,1.1750901842723926,-0.5080660691429335,1,0,1.0,0.0,0.0,0.0,0.0,0.0,0.0,0.0,1.0,0.0,1.0,0.0,0.0,1.0,0.0
-0.5411966620995933,1.411706423545228,1.569148294632858,-0.44099243412721534,-0.71987925011618,0.03611434551986492,-1.6873542790928788,0.867447715139398,2.603187403912355e-16,-0.33504440472272795,0.0,1,0,1.0,0.0,0.0,0.0,0.0,0.0,1.0,0.0,0.0,1.0,1.0,0.0,0.0,1.0,0.0
-0.09340570181841518,-1.2010118739535383,0.6476604539323476,1.4168470888034037,0.6038068236899748,-1.4238272818789293,-0.9761801153225884,1.2799302654687592,2.603187403912355e-16,-1.5492911245907024,-1.5241982074288005,1,1,0.0,1.0,0.0,1.0,0.0,1.0,0.0,0.0,0.0,1.0,1.0,0.0,0.0,1.0,0.0
0.8547024228711263,0.38454644675523114,0.8319580220724497,0.4879273273380942,0.7764615289690385,0.03611434551986492,1.0151075432342247,1.062917153002484,0.2684924645327813,0.054446110578837956,0.5080660691429335,1,0,1.0,0.0,0.0,0.0,0.0,0.0,0.0,1.0,0.0,1.0,1.0,0.0,0.0,1.0,0.0
1.300465344382915,1.007120490412326,-1.5639103637488776,0.4879273273380942,-0.24507881059875494,-1.4238272818789293,-1.0472975316996174,-0.6521695276026566,-1.3169709580701636,1.4426027993638233,0.0,1,1,1.0,0.0,0.0,1.0,0.0,1.0,0.0,0.0,0.0,1.0,0.0,1.0,0.0,0.0,0.0
-1.2976551230818372,0.0,-0.6424225230483671,0.0,0.7332978526492726,-0.6938564681795322,-1.4740020299617915,-0.747627272795651,-1.2558622446656902,0.2986696020749172,-1.5241982074288005,1,0,1.0,0.0,0.0,0.0,0.0,0.0,0.0,1.0,1.0,0.0,0.0,0.0,0.0,0.0,0.0
0.6052536542362309,-0.30673744933908936,-0.9188688752585202,-0.44099243412721534,0.22972162891867018,0.03611434551986492,-0.051653702421210694,-1.47801038739159,-0.9360790594144125,0.4437581651631981,-1.016132138285867,1,1,0.0,0.0,1.0,0.0,0.0,0.0,0.0,0.0,1.0,0.0,1.0,0.0,0.0,1.0,0.0
1.0518277912557754,1.1441914143099385,1.476999510562807,-1.3699121955925249,-0.30263037902510953,-1.4238272818789293,-1.7584716954699078,-1.4941243553874717,-0.4911446566638095,1.5213039756515623,0.0,0,1,0.0,1.0,0.0,0.0,0.0,0.0,0.0,1.0,0.0,1.0,1.0,0.0,0.0,0.0,1.0
0.4284086735454758,1.5930725315013565,-1.0110176593285713,1.4168470888034037,1.7404503001104774,-0.6938564681795322,-1.4740020299617915,-1.0807660459278994,-0.9286372488827203,-1.5307312100013037,0.5080660691429335,0,1,1.0,0.0,0.0,1.0,0.0,0.0,0.0,0.0,0.0,1.0,0.0,0.0,0.0,1.0,0.0
0.18443560958793173,-0.5348402081916048,0.6476604539323476,0.4879273273380942,-0.00048464478674806644,0.03611434551986492,1.0862249596112539,0.027419557441046974,0.03207186841055674,1.5327254615527308,-1.5241982074288005,0,0,1.0,0.0,0.0,1.0,0.0,0.0,0.0,0.0,0.0,1.0,0.0,0.0,1.0,0.0,0.0
-0.7699594352867168,-0.3088301352001216,1.2927019424227049,0.0,-1.727031697577385,0.766085159219262,1.0151075432342247,-1.0403059741121532,0.8695617767079284,0.8637654631069486,0.0,1,0,0.0,0.0,1.0,1.0,0.0,0.0,0.0,1.0,1.0,0.0,1.0,0.0,1.0,0.0,0.0
1.2361765153932713,0.671941971670327,-1.7482079318889796,-1.3699121955925249,-1.2522312580599597,0.03611434551986492,1.5129294578734285,1.7386528978732592,2.603187403912355e-16,-0.7112395965924649,-1.016132138285867,0,0,0.0,1.0,0.0,0.0,0.0,0.0,1.0,0.0,0.0,1.0,1.0,1.0,0.0,0.0,0.0
-0.1505963951151961,0.5526588775914887,1.1084043742826029,0.4879273273380942,0.41676422630432247,1.496055972918659,1.2995772087423412,-1.6363476381337312,-1.7722094061723406,-1.2416248481279764,0.0,0,0,1.0,0.0,0.0,1.0,0.0,0.0,0.0,1.0,0.0,1.0,1.0,0.0,0.0,1.0,0.0
0.9978819599900175,-0.9627944667727003,0.4633628857922455,1.4168470888034037,0.47431579473067703,0.03611434551986492,0.6595204613490796,0.0,0.2582599750517044,0.26431591401280885,-1.5241982074288005,0,0,0.0,0.0,0.0,1.0,1.0,0.0,0.0,0.0,0.0,1.0,1.0,1.0,0.0,0.0,0.0
0.0,0.0,0.8319580220724497,-0.44099243412721534,0.0,1.496055972918659,-1.5451194463388207,1.6612357907626105,-0.4745436947084959,-0.8620389026313301,0.0,0,0,1.0,0.0,0.0,0.0,0.0,0.0,0.0,1.0,0.0,1.0,0.0,0.0,0.0,0.0,0.0
-1.6935282908666467,-0.34614969972186344,-1.1953152274686734,0.4879273273380942,0.22972162891867018,-0.6938564681795322,1.0151075432342247,-0.6216931098713152,1.0195428812697271,1.675404804958734,0.5080660691429335,0,0,0.0,1.0,0.0,1.0,0.0,0.0,0.0,0.0,1.0,0.0,1.0,0.0,1.0,0.0,0.0
-0.39396104744192334,0.6548517038052303,-1.5639103637488776,1.4168470888034037,1.6253471632577683,0.03611434551986492,1.228459792365312,1.1401591082870903,0.5694564558433372,-0.8129622053997467,-0.5080660691429335,0,0,0.0,1.0,0.0,1.0,0.0,0.0,0.0,0.0,0.0,1.0,0.0,1.0,0.0,0.0,0.0
0.7772313418804515,-0.724925840568701,0.0026189654419902656,0.4879273273380942,1.4526924579787046,-0.6938564681795322,1.0862249596112539,0.8700749925300308,-0.6869930742142116,0.16339637843295296,-1.5241982074288005,0,0,1.0,0.0,0.0,1.0,1.0,0.0,0.0,0.0,0.0,1.0,1.0,1.0,0.0,0.0,0.0
-1.7535582384405728,0.01867520205142579,0.0026189654419902656,-1.3699121955925249,-0.6047761132634709,-0.6938564681795322,0.019463713955818012,0.2889212337220391,-1.198045101304081,-1.1759513041962577,-1.5241982074288005,0,0,0.0,0.0,1.0,1.0,1.0,0.0,0.0,0.0,0.0,1.0,1.0,0.0,1.0,0.0,0.0
1.828363836054974,-1.6579149536122466,0.9241068061425007,0.4879273273380942,1.0210556947810454,-1.4238272818789293,-0.9050626989455594,1.1102081460338755,-1.1976873219515956,-0.13650685683132266,-1.5241982074288005,0,1,0.0,0.0,0.0,0.0,0.0,1.0,0.0,0.0,0.0,1.0,0.0,0.0,0.0,0.0,1.0
1.4361411380550655,-0.5031011392992824,1.384850726492756,0.4879273273380942,-0.8925339553952437,-0.6938564681795322,1.228459792365312,-1.259420908490935,0.3628031018478818,0.8172764462748487,-1.5241982074288005,0,0,0.0,1.0,0.0,0.0,0.0,0.0,1.0,0.0,0.0,0.0,1.0,0.0,0.0,0.0,0.0
1.7024226284758928,1.0113058621343904,1.384850726492756,-0.44099243412721534,0.07145481574619514,-0.6938564681795322,0.8017552941031377,-0.004282923072589712,0.8475941244653368,0.79345194052788,0.0,0,0,1.0,0.0,0.0,1.0,0.0,0.0,1.0,0.0,0.0,1.0,1.0,0.0,1.0,0.0,0.0
-0.019787894489580196,-0.34022042311560535,1.75344586277296,-1.3699121955925249,-1.6694801291510304,0.03611434551986492,-3.947809655681591e-16,-0.5490051020638057,-1.3503159937217848,-0.01783047988949386,0.5080660691429335,0,0,1.0,0.0,0.0,0.0,0.0,0.0,1.0,0.0,0.0,1.0,1.0,1.0,0.0,0.0,0.0
0.7159845710448918,-1.3049486050514734,0.6476604539323476,-1.3699121955925249,-0.27385459481193225,0.03611434551986492,-1.1895323644536755,-0.6150373404817119,0.11929847454645012,-0.13614993539691114,-1.016132138285867,0,1,1.0,0.0,0.0,1.0,0.0,0.0,0.0,0.0,1.0,0.0,1.0,0.0,0.0,0.0,0.0
1.210217619145087,1.1595377772908417,0.5555116698622966,-0.44099243412721534,0.0,0.766085159219262,-0.9761801153225884,-0.3183301471662393,-1.1788681280108737,-1.4137502098729295,0.5080660691429335,0,0,0.0,0.0,0.0,1.0,0.0,0.0,1.0,0.0,0.0,1.0,1.0,0.0,0.0,1.0,0.0
-0.2592992731544676,-1.6547759248206981,-0.550273738978316,0.4879273273380942,0.8915646658217476,-1.4238272818789293,-0.9761801153225884,1.4142717160431202,-1.3216220896524713,0.8892853456673718,-1.5241982074288005,1,1,1.0,0.0,0.0,1.0,0.0,1.0,0.0,0.0,0.0,0.0,1.0,0.0,0.0,0.0,0.0
-0.5026639254811948,0.28339996347200563,-0.2738273867681629,1.4168470888034037,0.5462552552636203,-0.6938564681795322,1.0862249596112539,-0.6110088484827415,1.5624372707307796,-0.8954110567488067,1.016132138285867,0,0,0.0,1.0,0.0,1.0,0.0,1.0,0.0,0.0,0.0,1.0,0.0,0.0,0.0,1.0,0.0
-1.455030931586454,-0.8281650097129587,-0.18167860269811184,-1.3699121955925249,0.34482476577137927,-1.4238272818789293,-1.1184149480766465,1.264166601124962,-0.9684938687495722,-1.385464186195817,0.0,0,1,0.0,0.0,0.0,0.0,0.0,0.0,1.0,0.0,0.0,1.0,0.0,1.0,0.0,0.0,0.0
-1.5805665314116575,-1.1622971855244415,0.8319580220724497,-1.3699121955925249,1.351977213232584,1.496055972918659,-1.5451194463388207,0.9660581932011519,-1.4122118217017254,-1.233861806929526,1.016132138285867,0,0,1.0,0.0,0.0,0.0,1.0,0.0,0.0,0.0,0.0,0.0,1.0,1.0,0.0,0.0,0.0
1.4896813615669455,0.1819046992119414,0.0026189654419902656,0.4879273273380942,-0.6047761132634709,-0.6938564681795322,1.797399123381544,-1.0371532412433937,1.687373820618614,0.9530850520684302,0.0,0,0,0.0,1.0,0.0,0.0,0.0,1.0,0.0,0.0,1.0,0.0,0.0,0.0,0.0,1.0,0.0
0.2152617988826505,-0.9282651500656681,0.6476604539323476,0.0,1.6253471632577683,-1.4238272818789293,-1.6873542790928788,0.43412209751101594,2.603187403912355e-16,-3.246181535464667e-16,-1.5241982074288005,0,1,1.0,0.0,0.0,0.0,1.0,0.0,0.0,0.0,0.0,0.0,1.0,0.0,0.0,1.0,0.0
0.39839369975851274,0.710307879122585,-0.18167860269811184,-1.3699121955925249,1.5821834869380023,0.766085159219262,1.228459792365312,-1.5783723837137658,-0.5551156048881645,-0.47183454446094114,0.0,0,0,0.0,0.0,1.0,0.0,0.0,0.0,0.0,0.0,0.0,1.0,1.0,0.0,1.0,0.0,0.0
0.41948530296016245,1.3318355798491637,-1.4717615796788266,0.4879273273380942,1.5821834869380023,0.766085159219262,-0.4783582006833849,1.6561563878073868,2.603187403912355e-16,-1.5309096707185095,-1.5241982074288005,0,1,1.0,0.0,0.0,0.0,0.0,1.0,0.0,0.0,0.0,1.0,0.0,1.0,0.0,0.0,0.0
0.1899113142652831,0.08250212081290946,-1.7482079318889796,1.4168470888034037,1.6397350553643568,-0.6938564681795322,1.228459792365312,-0.6439373917786735,-0.14545824629260282,0.708861560572351,0.5080660691429335,0,0,1.0,0.0,0.0,1.0,1.0,0.0,0.0,0.0,0.0,1.0,1.0,0.0,0.0,1.0,0.0
1.5128010035379846,0.5324295809348436,-1.7482079318889796,-1.3699121955925249,1.3232014290194067,1.496055972918659,0.23281596308690533,-0.344602921072568,1.2856591636482237,-1.1384745535830485,1.5241982074288005,0,1,1.0,0.0,0.0,1.0,0.0,0.0,1.0,0.0,0.0,0.0,1.0,0.0,1.0,0.0,0.0
0.4866133862269514,0.10621922723794165,0.5555116698622966,1.4168470888034037,1.4958561342984704,0.766085159219262,1.4418120414963993,-0.04264117297582968,-1.2104242669000689,-3.246181535464667e-16,-0.5080660691429335,0,0,1.0,0.0,0.0,0.0,0.0,0.0,0.0,0.0,0.0,0.0,0.0,0.0,1.0,0.0,0.0
-1.2491849964934305,-0.37998145447521814,0.0026189654419902656,1.4168470888034037,0.0,0.766085159219262,1.5129294578734285,0.20940230469888407,0.5995814773225916,1.1064720385067788,0.0,0,0,0.0,0.0,0.0,0.0,0.0,0.0,0.0,1.0,0.0,1.0,0.0,1.0,0.0,0.0,0.0
1.02992497254637,1.2547549839678092,0.27906531765214343,0.4879273273380942,1.1217709395271658,1.496055972918659,-3.947809655681591e-16,1.6223520853812439,0.541478110478994,0.9504973716689468,-1.5241982074288005,1,1,0.0,0.0,0.0,1.0,0.0,0.0,0.0,1.0,0.0,0.0,1.0,0.0,0.0,1.0,0.0
-1.0597661754324612,1.0329302826983904,-0.9188688752585202,1.4168470888034037,0.34482476577137927,-1.4238272818789293,-1.4740020299617915,-1.533708668073007,1.0601150598415496,-0.28828769681481947,1.016132138285867,0,0,0.0,1.0,0.0,0.0,0.0,0.0,1.0,0.0,0.0,0.0,1.0,0.0,0.0,1.0,0.0
1.481366402612449,1.1005937922051,-0.8267200911884691,0.4879273273380942,-0.05803621321310263,0.766085159219262,-0.8339452825685303,1.2209041000925407,0.008243763535041972,-1.5980109003878742,-1.5241982074288005,0,1,1.0,0.0,0.0,0.0,0.0,0.0,0.0,0.0,0.0,1.0,1.0,0.0,1.0,0.0,0.0
0.2677880030098358,-0.07305419485715457,-1.3796127956087754,-0.44099243412721534,0.0,0.03611434551986492,0.5884030449720504,-1.5806493574523144,0.7652333175232422,0.12636577961275824,1.016132138285867,0,0,1.0,0.0,0.0,0.0,0.0,0.0,0.0,0.0,0.0,1.0,1.0,0.0,0.0,1.0,0.0
0.27934782399535535,-0.09642252030534805,-1.7482079318889796,0.4879273273380942,1.3663651053391728,0.766085159219262,1.3706946251193701,-1.115095803832169,0.23063940903984645,-3.246181535464667e-16,0.0,1,0,1.0,0.0,0.0,0.0,0.0,0.0,0.0,0.0,0.0,1.0,1.0,0.0,0.0,1.0,0.0
1.3901046579899263,1.2240622580060028,-6.547564913010081e-16,1.4168470888034037,0.8915646658217476,-1.4238272818789293,-0.1227711187982398,-1.1597595194729278,-0.9211954383510279,0.33222021690959963,-1.016132138285867,0,1,0.0,1.0,0.0,0.0,0.0,0.0,0.0,0.0,0.0,1.0,1.0,1.0,0.0,0.0,0.0
0.5356919244461747,0.2896780210551024,0.18691653358209237,-0.44099243412721534,-0.8493702790754778,-1.4238272818789293,0.3750507958409635,1.374862555183627,1.642436733946472,1.0855029042351023,1.016132138285867,0,0,0.0,0.0,0.0,1.0,0.0,0.0,0.0,1.0,1.0,0.0,0.0,0.0,0.0,0.0,0.0
-1.5304739738077395,0.7120517840067785,1.2927019424227049,0.4879273273380942,-0.3314061632382868,-0.6938564681795322,-1.1184149480766465,1.3459625038866656,0.8488105742637865,0.7530305880807759,-1.5241982074288005,0,0,1.0,0.0,0.0,0.0,0.0,0.0,0.0,0.0,0.0,1.0,1.0,0.0,0.0,1.0,0.0
-0.4211367669517412,-0.6715623511123786,0.8319580220724497,1.4168470888034037,-0.6767155737964141,0.03611434551986492,1.0862249596112539,-0.8292480237313122,0.7251620300448991,0.9138236942831636,0.0,0,0,1.0,0.0,0.0,0.0,0.0,0.0,0.0,0.0,0.0,1.0,1.0,1.0,0.0,0.0,0.0
0.1260280930295172,-1.6366393140250852,-1.4717615796788266,-1.3699121955925249,0.4599279026240884,0.0,1.655164290627486,1.677349758758492,-0.8042731459588623,1.1552810446625534,-1.5241982074288005,1,0,0.0,1.0,0.0,0.0,1.0,0.0,0.0,0.0,0.0,0.0,1.0,1.0,0.0,0.0,0.0
-0.26903385924753664,0.0,-1.3796127956087754,-1.3699121955925249,-1.0651886606743075,1.496055972918659,-0.8339452825685303,1.2683702449499747,0.26784846169830795,1.6934293373965155,-1.016132138285867,0,0,0.0,0.0,0.0,0.0,0.0,0.0,0.0,0.0,1.0,0.0,1.0,0.0,1.0,0.0,0.0
-0.6738303976176596,1.3035843207252282,-0.8267200911884691,0.4879273273380942,0.0,0.03611434551986492,-3.947809655681591e-16,1.3953553188305636,-0.8525733585443652,-3.246181535464667e-16,-0.5080660691429335,0,1,0.0,0.0,0.0,1.0,0.0,1.0,0.0,0.0,1.0,0.0,0.0,1.0,0.0,0.0,0.0
-1.0352269063228496,0.9080666929901328,0.09476774951204131,0.4879273273380942,0.37360054998455655,0.03611434551986492,-1.4740020299617915,-0.8779402313710415,0.8969676751082953,0.22746377590981992,0.0,0,1,0.0,0.0,0.0,1.0,0.0,1.0,0.0,0.0,0.0,0.0,1.0,1.0,0.0,0.0,0.0
0.9516426760479394,-0.2966228010107668,1.384850726492756,-1.3699121955925249,-1.1946796896336052,1.496055972918659,0.23281596308690533,1.0797317283025343,0.6783644907398341,0.778015088489582,1.5241982074288005,0,0,1.0,0.0,0.0,1.0,0.0,1.0,0.0,0.0,0.0,1.0,0.0,0.0,0.0,0.0,1.0
-1.6608768666794775,1.0200253865553581,-0.7345713071184181,1.4168470888034037,0.18655795259890426,0.766085159219262,0.019463713955818012,-1.2352499564971124,-0.561340965621407,1.5712729764691744,-1.016132138285867,0,0,1.0,0.0,0.0,0.0,0.0,0.0,0.0,0.0,1.0,0.0,0.0,0.0,0.0,1.0,0.0
-1.3901336909659934,-1.242168029220506,0.5555116698622966,1.4168470888034037,-0.5328366527305277,1.496055972918659,-1.2606497808307044,-1.2699300180534665,-0.8707485496506138,-0.14828526416690266,0.5080660691429335,0,0,0.0,0.0,0.0,1.0,1.0,0.0,0.0,0.0,0.0,0.0,0.0,0.0,0.0,1.0,0.0
-0.17412164484011305,1.3726429541392926,-0.08952981862806078,1.4168470888034037,0.0,1.496055972918659,-0.1938885351752689,-1.024542309768356,-0.39726335457169126,-1.299446120502642,0.0,0,0,0.0,1.0,0.0,1.0,0.0,0.0,0.0,0.0,0.0,1.0,1.0,0.0,1.0,0.0,0.0
1.8305946787013025,-1.2494924297341188,-1.1953152274686734,0.4879273273380942,1.6253471632577683,0.766085159219262,-0.549475617060414,0.7040310614420332,1.5572852480549928,-0.06619333425225417,-1.016132138285867,1,1,1.0,0.0,0.0,1.0,0.0,0.0,1.0,0.0,1.0,0.0,0.0,0.0,0.0,1.0,0.0
-1.1252718276837386,0.5770735459701983,-1.1953152274686734,-0.44099243412721534,-0.4321214079844073,0.766085159219262,0.09058113033284712,-1.6202336701378497,-0.34882003024519426,1.0353554427002845,-0.5080660691429335,0,0,0.0,0.0,0.0,0.0,0.0,0.0,0.0,1.0,0.0,1.0,1.0,0.0,1.0,0.0,0.0
1.0049800956828805,-0.6237793572854755,0.5555116698622966,-0.44099243412721534,1.3375893211259955,0.766085159219262,0.30393337946393445,-1.4792364501738855,0.8903129791520705,0.2726143373628766,-1.5241982074288005,1,1,0.0,0.0,0.0,0.0,0.0,0.0,0.0,0.0,0.0,1.0,1.0,0.0,0.0,1.0,0.0
-0.45987230744707863,0.0,-1.3796127956087754,-0.44099243412721534,-1.6982559133642077,0.766085159219262,-1.7584716954699078,0.20046956157073229,-0.5973335684814188,-0.14632219627763932,0.0,0,0,1.0,0.0,0.0,0.0,0.0,1.0,0.0,0.0,1.0,0.0,1.0,0.0,0.0,1.0,0.0
1.7892226878057589,-0.9289627120193455,0.09476774951204131,-0.44099243412721534,-1.6550922370444416,0.766085159219262,0.9439901268571956,1.2848345165979407,0.167527131261456,0.9154298407380154,1.016132138285867,0,0,0.0,1.0,0.0,1.0,0.0,1.0,0.0,0.0,0.0,0.0,1.0,0.0,0.0,0.0,1.0
0.5671265253717103,1.4103112996378733,-6.547564913010081e-16,-0.44099243412721534,-0.8349823869688892,1.496055972918659,0.8017552941031377,0.13653914506533235,0.2297091827233849,-0.22698644045464172,-1.016132138285867,0,0,1.0,0.0,0.0,0.0,1.0,0.0,0.0,0.0,0.0,1.0,1.0,1.0,0.0,0.0,0.0
-1.4635486944178895,-0.7116721634488301,-1.4717615796788266,0.4879273273380942,0.7908494210756272,-0.6938564681795322,-0.4783582006833849,-0.7124217557611705,-0.20942919451695777,1.269138982239827,-0.5080660691429335,1,0,0.0,1.0,0.0,0.0,0.0,0.0,0.0,0.0,0.0,1.0,1.0,0.0,0.0,0.0,0.0
1.6689599887809679,-0.20419584214850903,0.27906531765214343,0.4879273273380942,1.6828987316841229,-0.6938564681795322,-1.5451194463388207,-0.952379757438973,0.15450396283099446,-1.6768905373928191,-1.016132138285867,0,1,0.0,1.0,0.0,1.0,0.0,0.0,0.0,1.0,0.0,0.0,1.0,0.0,0.0,1.0,0.0
-0.8346538720302386,-1.261350982946635,0.0026189654419902656,-0.44099243412721534,0.7908494210756272,-1.4238272818789293,0.9439901268571956,0.311690971107524,0.23478964952867484,-1.7370317990911595,0.5080660691429335,0,0,0.0,0.0,0.0,1.0,0.0,0.0,0.0,0.0,0.0,1.0,0.0,0.0,0.0,1.0,0.0
1.156474591756268,-0.5306548364695403,-0.458124954908265,0.4879273273380942,-1.4248859633390234,-0.6938564681795322,1.655164290627486,0.704731668746202,1.2533874660540583,1.0648906913978373,1.5241982074288005,0,0,0.0,0.0,0.0,1.0,0.0,0.0,0.0,0.0,0.0,1.0,1.0,0.0,1.0,0.0,0.0
1.0189735631916672,0.0,0.8319580220724497,0.4879273273380942,-1.0220249843545415,-0.6938564681795322,-0.9050626989455594,-1.5839772421471159,-0.26187964759128907,-3.246181535464667e-16,1.5241982074288005,1,0,0.0,0.0,0.0,0.0,0.0,1.0,0.0,0.0,0.0,0.0,1.0,0.0,0.0,1.0,0.0
-1.62214132618414,0.1079631321221352,-1.1031664433986224,-0.44099243412721534,-0.40334562377123,1.496055972918659,-0.6205930334374431,1.2529568842582617,0.09217879962807146,-1.5902478591894238,0.0,0,0,1.0,0.0,0.0,1.0,0.0,0.0,0.0,1.0,1.0,0.0,0.0,1.0,0.0,0.0,0.0
-0.6079191376125044,0.9105081598280037,-0.08952981862806078,1.4168470888034037,1.0066678026744567,0.766085159219262,-1.1184149480766465,-1.0939024328810638,-0.7601947297326849,-3.246181535464667e-16,-1.5241982074288005,0,1,0.0,0.0,0.0,0.0,0.0,0.0,0.0,0.0,0.0,0.0,1.0,0.0,0.0,1.0,0.0
-0.29620957875735454,1.496808981893873,1.75344586277296,0.4879273273380942,0.0,0.766085159219262,-3.947809655681591e-16,-1.2706306253576352,0.572748025886201,-0.394650284269451,-0.5080660691429335,0,1,0.0,0.0,0.0,0.0,0.0,1.0,0.0,0.0,0.0,0.0,0.0,0.0,0.0,1.0,0.0
1.0335754423312709,-0.6485428066410238,0.7398092380023986,1.4168470888034037,-0.24507881059875494,1.496055972918659,-1.1895323644536755,-0.7290611792351787,-1.0433413092894774,-1.6575275495759945,-1.016132138285867,1,1,0.0,1.0,0.0,0.0,0.0,0.0,0.0,1.0,0.0,0.0,0.0,0.0,1.0,0.0,0.0
-0.6208985857365965,0.7169347176825205,0.6476604539323476,0.4879273273380942,1.4239166737655273,-0.6938564681795322,-0.4783582006833849,0.0,-0.06109387497659108,0.08763980397910887,0.0,1,1,0.0,0.0,0.0,0.0,0.0,0.0,0.0,0.0,0.0,0.0,1.0,0.0,1.0,0.0,0.0
-0.7953099199040843,-0.8424650297633458,-1.4717615796788266,0.4879273273380942,-0.71987925011618,1.496055972918659,0.7306378777261087,1.2012870955758153,-0.6215910085799159,-1.157302159248256,-1.016132138285867,0,0,0.0,0.0,0.0,0.0,0.0,1.0,0.0,0.0,0.0,1.0,1.0,0.0,0.0,0.0,0.0
-1.7543694539483285,1.0106083001807131,-0.458124954908265,-0.44099243412721534,-0.34579405534487545,-1.4238272818789293,0.23281596308690533,-0.04859633506126419,1.7183575125438328,1.2494190729885906,0.0,0,0,1.0,0.0,0.0,1.0,1.0,0.0,0.0,0.0,0.0,1.0,0.0,0.0,0.0,0.0,0.0
0.5261601422300446,-1.7273223680031495,1.384850726492756,0.4879273273380942,-0.30263037902510953,0.766085159219262,-0.40724078430635624,-1.0089537972506009,0.9131393018406266,-0.41553018818252463,1.5241982074288005,1,1,0.0,1.0,0.0,0.0,0.0,1.0,0.0,0.0,0.0,1.0,0.0,1.0,0.0,0.0,0.0
0.7778397535112683,-0.7322502410823138,1.569148294632858,-1.3699121955925249,-0.2594667027053436,0.0,-0.265005951552298,-0.9945913475151411,0.8995436864461889,0.9769987881740018,0.5080660691429335,1,1,1.0,0.0,0.0,1.0,0.0,0.0,0.0,0.0,0.0,1.0,0.0,1.0,0.0,0.0,0.0
-0.9052296212049894,0.0,-6.547564913010081e-16,-1.3699121955925249,-0.21630302638557766,-1.4238272818789293,0.23281596308690533,-1.30058158761085,-0.5106078534390047,-1.2377879427080527,-1.016132138285867,0,1,1.0,0.0,0.0,0.0,0.0,0.0,0.0,1.0,0.0,1.0,1.0,0.0,0.0,0.0,0.0
-1.3234112154530824,0.7127493459604559,-1.5639103637488776,-0.44099243412721534,-0.9932492001413642,-1.4238272818789293,-1.7584716954699078,0.22691748730310324,-1.1468826538986963,-1.0930563010541832,0.5080660691429335,1,0,0.0,1.0,0.0,0.0,1.0,0.0,0.0,0.0,0.0,0.0,0.0,0.0,0.0,1.0,0.0
-0.17209360607072366,1.0978035443903902,0.37121410172219443,1.4168470888034037,-0.7054913580095914,1.496055972918659,-1.4740020299617915,0.7292529243921089,0.34720392207952677,-0.8467805113102378,1.016132138285867,0,0,0.0,0.0,0.0,0.0,0.0,1.0,0.0,0.0,0.0,1.0,1.0,0.0,0.0,1.0,0.0
-0.21813008613586288,0.9108569408048425,0.6476604539323476,1.4168470888034037,-0.7486550343293573,-0.6938564681795322,1.3706946251193701,-0.5822839490118221,1.6335638060048387,-1.4265993815117441,1.016132138285867,0,0,1.0,0.0,0.0,0.0,1.0,0.0,0.0,0.0,0.0,1.0,1.0,0.0,0.0,0.0,1.0
-1.7553834733330231,0.5432417912168436,1.476999510562807,1.4168470888034037,0.0,0.0,-1.4740020299617915,1.3023496992021597,-0.7591929475457263,-0.07547329154695356,1.5241982074288005,1,0,1.0,0.0,0.0,0.0,0.0,1.0,0.0,0.0,0.0,0.0,1.0,0.0,0.0,1.0,0.0
-1.4039243545978413,0.13447048636187706,1.2927019424227049,-1.3699121955925249,0.5606431473702089,0.03611434551986492,0.7306378777261087,-0.9756749503025844,-0.7246314620956553,-0.18156818792577642,-0.5080660691429335,0,0,0.0,1.0,0.0,0.0,0.0,1.0,0.0,0.0,1.0,0.0,1.0,0.0,0.0,1.0,0.0
0.5924770099890777,-1.4517853963005698,0.8319580220724497,1.4168470888034037,-0.8493702790754778,-1.4238272818789293,1.5129294578734285,1.4391432753411115,0.4274180529067101,-1.6610075335615067,0.5080660691429335,1,0,1.0,0.0,0.0,0.0,0.0,0.0,1.0,0.0,0.0,0.0,0.0,1.0,0.0,0.0,0.0
1.2643662542877838,0.8655154138158103,0.37121410172219443,1.4168470888034037,0.0,0.03611434551986492,-0.7628278661915013,1.75231474030455,1.3182170847243777,-1.3300521335034292,0.0,0,1,1.0,0.0,0.0,0.0,0.0,0.0,1.0,0.0,0.0,1.0,0.0,0.0,0.0,0.0,0.0
0.09864956964276039,1.256150107875164,0.37121410172219443,-0.44099243412721534,-1.3529465028060803,-0.6938564681795322,-0.40724078430635624,-1.0727090619299586,-0.5440960008316201,0.9733403434712837,-0.5080660691429335,0,0,1.0,0.0,0.0,0.0,0.0,0.0,1.0,0.0,0.0,1.0,0.0,1.0,0.0,0.0,0.0
0.554958292755374,1.4790211520750989,-1.4717615796788266,1.4168470888034037,-0.8062066027557119,-0.6938564681795322,0.23281596308690533,-1.4335218235768734,1.7179997331913477,0.35069090114039553,-1.016132138285867,1,0,1.0,0.0,0.0,1.0,1.0,0.0,0.0,0.0,0.0,0.0,1.0,0.0,0.0,1.0,0.0
1.3903074618668652,1.192671970090519,-1.5639103637488776,-1.3699121955925249,-1.0220249843545415,0.03611434551986492,1.3706946251193701,-1.325453146908841,-0.6967246726018093,1.3880830502574644,-1.016132138285867,0,0,1.0,0.0,0.0,0.0,0.0,0.0,0.0,0.0,0.0,1.0,1.0,0.0,0.0,0.0,1.0
1.6610506375803493,1.3419502281774862,1.2927019424227049,-1.3699121955925249,-0.31701827113169817,0.766085159219262,-3.947809655681591e-16,-1.2898973262222762,-0.422737244468638,-0.3125583543548025,0.0,0,0,1.0,0.0,0.0,1.0,0.0,1.0,0.0,0.0,0.0,0.0,0.0,0.0,0.0,0.0,0.0
-1.2252541390146356,-0.6422647490579271,0.27906531765214343,-1.3699121955925249,1.0498314789942227,-0.6938564681795322,0.8728727104801665,-1.0082531899464322,-1.7571826733679619,0.6281080860367456,-1.5241982074288005,1,0,1.0,0.0,0.0,1.0,0.0,0.0,0.0,1.0,0.0,1.0,1.0,0.0,1.0,0.0,0.0
1.093199782151319,-1.5825782626150855,0.27906531765214343,-0.44099243412721534,-0.37456983955805273,0.03611434551986492,-1.4740020299617915,-1.3212495030838285,-0.2571569601384843,0.432782831055044,-1.5241982074288005,0,0,0.0,0.0,0.0,0.0,0.0,0.0,1.0,0.0,1.0,0.0,0.0,0.0,0.0,1.0,0.0
-0.4677816586476972,-0.25686176965115404,-1.3796127956087754,0.0,-1.0939644448874848,-1.4238272818789293,0.5884030449720504,0.47878581315177476,1.0362153990955378,0.949515837724315,-1.016132138285867,0,0,0.0,1.0,0.0,1.0,1.0,0.0,0.0,0.0,0.0,1.0,0.0,0.0,0.0,1.0,0.0
-1.3925673374892606,1.7137507494875497,1.0162555902125519,0.4879273273380942,-0.763042926435946,0.03611434551986492,-0.265005951552298,0.06752932560470885,-0.5726467931599396,-1.5738294732064941,1.5241982074288005,1,0,0.0,0.0,0.0,0.0,1.0,0.0,0.0,0.0,0.0,1.0,0.0,0.0,0.0,1.0,0.0
-0.10435711117311791,-0.44380837323670186,-1.2874640115387244,1.4168470888034037,0.6325826079031521,0.03611434551986492,-0.051653702421210694,0.10606272733399101,1.524655771108342,-1.6484260529985009,1.5241982074288005,0,1,1.0,0.0,0.0,1.0,1.0,0.0,0.0,0.0,1.0,0.0,1.0,0.0,0.0,1.0,0.0
0.5188592026602428,0.7406518241075526,1.569148294632858,-0.44099243412721534,-0.0868119974262799,1.496055972918659,-1.6162368627158499,-0.9467748990056228,2.603187403912355e-16,-1.6384322528349784,0.0,1,1,1.0,0.0,0.0,1.0,0.0,0.0,0.0,1.0,0.0,1.0,0.0,0.0,0.0,1.0,0.0
-1.204973751320742,1.3681088014403895,-0.9188688752585202,-1.3699121955925249,0.22972162891867018,-0.6938564681795322,-1.0472975316996174,0.8159530782829937,-0.33644086464920614,-1.6693059569115745,-1.5241982074288005,1,1,0.0,0.0,0.0,0.0,0.0,0.0,0.0,1.0,0.0,1.0,0.0,0.0,0.0,1.0,0.0
-1.4436739144778734,0.0,-1.1953152274686734,-1.3699121955925249,0.5606431473702089,0.766085159219262,1.0862249596112539,0.0,-0.5947575571435253,1.517913222024653,0.5080660691429335,0,0,1.0,0.0,0.0,0.0,0.0,0.0,1.0,0.0,1.0,0.0,1.0,1.0,0.0,0.0,0.0
-0.03499818526000065,0.0,1.75344586277296,-0.44099243412721534,0.22972162891867018,0.766085159219262,-3.947809655681591e-16,1.2571605280832743,0.1720351511027696,0.7116277016890402,-1.016132138285867,0,1,1.0,0.0,0.0,0.0,0.0,0.0,0.0,1.0,0.0,1.0,0.0,0.0,0.0,0.0,0.0
-0.6273883097986426,-1.6781442502688917,1.661297078702909,-0.44099243412721534,-1.7558074817905622,1.496055972918659,-0.6917104498144723,-1.6303924760482968,1.2161068575250997,0.4920317891673555,1.016132138285867,1,0,0.0,1.0,0.0,1.0,0.0,0.0,1.0,0.0,0.0,1.0,1.0,0.0,1.0,0.0,0.0
-1.3116485905906239,-0.5480938853114757,0.09476774951204131,-0.44099243412721534,1.351977213232584,0.0,-0.40724078430635624,0.584927819733343,-0.2794823917335612,1.4708888230409358,0.5080660691429335,0,0,0.0,1.0,0.0,1.0,0.0,0.0,0.0,1.0,0.0,1.0,1.0,0.0,0.0,1.0,0.0
0.45801803957856096,-1.1549727850108287,0.0026189654419902656,0.0,-0.6335518974766482,0.03611434551986492,1.2995772087423412,0.8417003967111958,0.335540315188509,-0.4979790395315846,0.0,0,0,1.0,0.0,0.0,0.0,0.0,0.0,0.0,1.0,0.0,1.0,0.0,1.0,0.0,0.0,0.0
-0.8348566759071775,1.5247114600409697,-6.547564913010081e-16,-1.3699121955925249,0.7908494210756272,1.496055972918659,0.8728727104801665,-0.993540436558888,-1.6731045255339383,0.6919970227964068,1.016132138285867,0,0,1.0,0.0,0.0,0.0,0.0,0.0,0.0,1.0,0.0,1.0,0.0,0.0,0.0,1.0,0.0
-1.4298832508460255,-0.2516300549985734,0.18691653358209237,0.4879273273380942,-1.0939644448874848,-1.4238272818789293,-0.7628278661915013,1.6367145351167036,0.5160757764525443,-1.0039151728099074,0.5080660691429335,0,0,1.0,0.0,0.0,0.0,0.0,0.0,1.0,0.0,0.0,0.0,0.0,1.0,0.0,0.0,0.0
-0.14147022065294382,0.6928688302806495,-6.547564913010081e-16,0.4879273273380942,-1.683868021257619,-0.6938564681795322,-1.3317671972077336,1.4198765744764703,-0.8467057771636078,1.259412873152113,-1.5241982074288005,0,0,1.0,0.0,0.0,0.0,0.0,1.0,0.0,0.0,0.0,0.0,1.0,1.0,0.0,0.0,0.0
-0.1485683563458067,-1.4517853963005698,0.7398092380023986,1.4168470888034037,0.18655795259890426,-0.6938564681795322,-0.8339452825685303,0.942412696685456,-1.253644012680282,1.6749586531657197,1.5241982074288005,1,1,0.0,1.0,0.0,1.0,0.0,0.0,1.0,0.0,0.0,1.0,1.0,1.0,0.0,0.0,0.0
-0.4535853872619715,1.0838523053168418,-0.7345713071184181,-1.3699121955925249,1.7116745158973001,-0.6938564681795322,1.5129294578734285,0.04668625830568805,0.26369822120947956,-1.051296493228036,-1.5241982074288005,1,0,0.0,0.0,0.0,0.0,0.0,1.0,0.0,0.0,0.0,1.0,0.0,0.0,1.0,0.0,0.0
1.0960390364284642,-0.5763451444354111,1.661297078702909,-1.3699121955925249,0.0,0.03611434551986492,0.30393337946393445,-0.7618145707050685,-0.6338270624349099,-1.3231813958910077,1.016132138285867,0,0,1.0,0.0,0.0,0.0,1.0,0.0,0.0,0.0,1.0,0.0,1.0,0.0,1.0,0.0,0.0
1.1424811242474813,-0.22582026271250896,1.476999510562807,-0.44099243412721534,-0.46089719219758457,-1.4238272818789293,0.1616985467098762,1.1009250992536395,-1.7565386705334884,0.9621865486459238,-0.5080660691429335,0,0,1.0,0.0,0.0,0.0,1.0,0.0,0.0,0.0,1.0,0.0,1.0,0.0,0.0,0.0,0.0
1.5805374984355902,-0.4612474220786373,-1.3796127956087754,-0.44099243412721534,0.27288530523843607,1.496055972918659,0.3750507958409635,0.0,-0.9863112805033355,-1.569457185634953,1.5241982074288005,0,0,0.0,0.0,0.0,1.0,0.0,0.0,0.0,0.0,0.0,1.0,1.0,0.0,1.0,0.0,0.0
1.0591287308255772,-1.057662892472829,-0.6424225230483671,1.4168470888034037,-0.6767155737964141,1.496055972918659,-0.4783582006833849,-0.23968697727329524,-0.6665996511225548,0.18142091087073448,-1.016132138285867,0,0,0.0,1.0,0.0,0.0,0.0,1.0,0.0,0.0,1.0,0.0,1.0,0.0,0.0,0.0,0.0
0.07208226176375933,-1.3663340569750861,0.27906531765214343,0.4879273273380942,1.5102440264050592,-0.6938564681795322,1.0862249596112539,0.6372982157199583,1.2160353016546026,-0.05495030906829144,1.016132138285867,1,0,1.0,0.0,0.0,1.0,0.0,1.0,0.0,0.0,0.0,0.0,0.0,0.0,1.0,0.0,0.0
1.524766432277382,1.215342733585035,0.9241068061425007,-0.44099243412721534,-1.3097828264863143,-1.4238272818789293,0.09058113033284712,1.6684170156303404,-0.3904655468744723,-3.246181535464667e-16,0.0,1,0,1.0,0.0,0.0,0.0,0.0,1.0,0.0,0.0,0.0,1.0,0.0,1.0,0.0,0.0,0.0
0.604848046482353,-1.063592169079087,1.569148294632858,-0.44099243412721534,-1.4680496396587894,-1.4238272818789293,-1.3317671972077336,0.0,0.7332478434110647,0.859750096969819,-1.016132138285867,1,0,0.0,0.0,0.0,0.0,1.0,0.0,0.0,0.0,0.0,1.0,1.0,1.0,0.0,0.0,0.0
0.0,0.48290268222374694,0.4633628857922455,-1.3699121955925249,1.2656498605930522,-1.4238272818789293,-1.3317671972077336,-0.3386477589871335,-1.1491008858841045,0.06872296795529856,0.0,0,1,1.0,0.0,0.0,0.0,0.0,0.0,1.0,0.0,0.0,1.0,1.0,0.0,0.0,0.0,0.0
-1.3797906932421076,-1.7220906533505689,0.6476604539323476,-1.3699121955925249,1.1073830474205772,0.766085159219262,0.1616985467098762,1.0443510594420116,-0.003348287485478724,1.2857358289399623,1.5241982074288005,0,0,1.0,0.0,0.0,0.0,0.0,0.0,0.0,0.0,1.0,0.0,1.0,0.0,0.0,1.0,0.0
-0.6955304124501261,-0.24221296862392827,-6.547564913010081e-16,-0.44099243412721534,-0.41773351587781865,0.766085159219262,1.5840468742504568,0.0,-0.4967260145625787,1.2371052835013934,0.0,0,0,1.0,0.0,0.0,0.0,0.0,1.0,0.0,0.0,0.0,0.0,1.0,0.0,0.0,0.0,0.0
1.163369923572192,0.9589887156085842,1.476999510562807,-1.3699121955925249,0.5318673631570316,-0.6938564681795322,-0.6917104498144723,-0.9947664993411833,0.024558502008367396,-1.4684484196964942,0.0,0,1,0.0,0.0,0.0,1.0,0.0,1.0,0.0,0.0,0.0,0.0,1.0,0.0,0.0,0.0,1.0
-0.34366568596106634,1.2348744682880028,1.75344586277296,1.4168470888034037,-0.37456983955805273,-1.4238272818789293,1.2995772087423412,-1.322650717692166,1.2797200263969695,0.15465180328987083,-1.5241982074288005,0,0,0.0,0.0,0.0,1.0,0.0,0.0,0.0,0.0,0.0,1.0,1.0,0.0,0.0,0.0,0.0
0.28299829378025626,1.3300916749649703,-0.36597617083821393,-0.44099243412721534,0.9778920184612795,-1.4238272818789293,0.9439901268571956,1.7509135256962125,1.5241548800148625,1.390403039581139,0.5080660691429335,1,0,0.0,0.0,0.0,1.0,0.0,0.0,1.0,0.0,0.0,0.0,0.0,0.0,0.0,1.0,0.0
-0.294587147741843,1.0779230287105839,0.18691653358209237,-1.3699121955925249,-1.6982559133642077,1.496055972918659,-0.9050626989455594,0.7003528730951472,-0.20227360746725362,-3.246181535464667e-16,-1.5241982074288005,1,0,1.0,0.0,0.0,0.0,0.0,1.0,0.0,0.0,0.0,0.0,0.0,0.0,0.0,1.0,0.0
0.20714964380509296,-0.8546723639527006,0.09476774951204131,1.4168470888034037,0.0,1.496055972918659,-1.6162368627158499,0.0,-1.7324958980464826,-1.5225220170098388,-1.5241982074288005,1,0,1.0,0.0,0.0,1.0,0.0,0.0,1.0,0.0,1.0,0.0,1.0,0.0,1.0,0.0,0.0
1.277345702411876,-0.20524218507902514,0.09476774951204131,-1.3699121955925249,-1.0651886606743075,-0.6938564681795322,-1.4028846135847628,-0.09483641713640278,-1.3256292184003056,-1.1334776535012874,1.5241982074288005,1,0,0.0,1.0,0.0,0.0,0.0,1.0,0.0,0.0,0.0,1.0,0.0,0.0,0.0,0.0,1.0
-1.5613001631024583,1.037115654420455,-1.1031664433986224,-1.3699121955925249,0.27288530523843607,-1.4238272818789293,0.8017552941031377,-1.6458058367400097,-1.6130691501869205,1.4890025858373201,-0.5080660691429335,0,0,1.0,0.0,0.0,0.0,0.0,0.0,0.0,1.0,0.0,0.0,1.0,0.0,0.0,1.0,0.0
-0.8829211947417062,0.8470300220433588,-0.36597617083821393,-1.3699121955925249,0.0,-0.6938564681795322,-1.0472975316996174,-1.348923491598495,1.3670181884033599,-0.2972999630337102,-1.5241982074288005,0,1,1.0,0.0,0.0,0.0,0.0,1.0,0.0,0.0,0.0,1.0,1.0,0.0,1.0,0.0,0.0
-0.518685431759371,1.4204259479661958,1.0162555902125519,-0.44099243412721534,0.517479471050443,1.496055972918659,-0.40724078430635624,0.1083397010725395,-1.7499555304477605,-0.038175001650950224,-1.016132138285867,0,1,0.0,1.0,0.0,0.0,0.0,0.0,0.0,1.0,0.0,0.0,1.0,0.0,1.0,0.0,0.0
0.675423795657104,-1.1350922693310224,-0.9188688752585202,0.4879273273380942,-0.921309739608421,1.496055972918659,-3.947809655681591e-16,-1.2809645830941245,-0.004421625542934344,-0.8025222534432099,0.0,0,0,0.0,0.0,1.0,1.0,0.0,0.0,1.0,0.0,0.0,0.0,1.0,0.0,0.0,1.0,0.0
0.8155612746219111,1.411706423545228,-6.547564913010081e-16,-1.3699121955925249,-0.0868119974262799,0.766085159219262,0.8017552941031377,-0.5819336453597377,0.8878800795551711,1.1289580888747044,1.5241982074288005,0,0,0.0,0.0,0.0,0.0,0.0,1.0,0.0,0.0,0.0,1.0,1.0,0.0,1.0,0.0,0.0
-0.6720051627252092,-0.09677130128218676,1.2927019424227049,1.4168470888034037,1.7260624080038887,-0.6938564681795322,-1.3317671972077336,0.3822771570025272,1.3633688390080108,-0.1648821108670381,-1.5241982074288005,0,1,0.0,0.0,0.0,0.0,1.0,0.0,0.0,0.0,0.0,0.0,0.0,0.0,0.0,1.0,0.0
0.15908512497056432,-1.4915464276601824,-1.0110176593285713,-0.44099243412721534,1.4239166737655273,-0.6938564681795322,-0.3361233679293271,0.0,1.197788554677857,-1.26250475204105,1.016132138285867,0,1,0.0,0.0,1.0,1.0,1.0,0.0,0.0,0.0,0.0,1.0,0.0,1.0,0.0,0.0,0.0
1.3655653888803145,1.59481643638555,-0.2738273867681629,-0.44099243412721534,-0.31701827113169817,-1.4238272818789293,-0.051653702421210694,-0.337246544378796,-1.283268143066057,0.5758190958954587,0.0,0,1,1.0,0.0,0.0,0.0,0.0,0.0,0.0,0.0,1.0,0.0,1.0,1.0,0.0,0.0,0.0
-1.2767663237571263,0.8383104976223911,-0.8267200911884691,1.4168470888034037,1.1361588316337545,-1.4238272818789293,0.1616985467098762,-1.192863214594902,0.23464653778768074,-0.5693633264138876,0.5080660691429335,0,1,0.0,1.0,0.0,0.0,1.0,0.0,0.0,0.0,0.0,1.0,0.0,0.0,0.0,0.0,0.0
-0.6612565572474454,1.0880376770389064,1.1084043742826029,0.0,-1.7701953738971508,0.766085159219262,1.1573423759882828,1.145413663068356,-0.19483179693556132,-0.653061402783388,0.0,0,0,0.0,0.0,1.0,0.0,0.0,0.0,0.0,1.0,0.0,0.0,0.0,0.0,0.0,1.0,0.0
1.5472776626176044,-1.121141030257474,-0.9188688752585202,0.4879273273380942,-0.48967297641076185,0.03611434551986492,-1.1184149480766465,0.8565883019247821,0.29883215362352683,-1.082259427663235,1.5241982074288005,0,0,1.0,0.0,0.0,1.0,1.0,0.0,0.0,0.0,1.0,0.0,1.0,1.0,0.0,0.0,0.0
-1.3491673078243278,0.9750326405431649,-6.547564913010081e-16,-1.3699121955925249,0.6038068236899748,0.03611434551986492,1.0862249596112539,-1.266777285184707,-0.3850273007166972,1.2554867373735865,1.016132138285867,0,0,0.0,0.0,0.0,1.0,1.0,0.0,0.0,0.0,0.0,1.0,1.0,0.0,1.0,0.0,0.0
1.0788007068886543,0.21189986322007037,-0.2738273867681629,1.4168470888034037,0.6613583921163294,0.03611434551986492,0.7306378777261087,-0.7957940249572537,0.773533798500899,-0.7023165607321771,1.5241982074288005,0,0,0.0,1.0,0.0,0.0,1.0,0.0,0.0,0.0,0.0,0.0,0.0,0.0,1.0,0.0,0.0
-1.194833557473795,0.9572448107243907,-1.4717615796788266,-0.44099243412721534,0.7332978526492726,-0.6938564681795322,0.23281596308690533,0.2780618205074232,-0.1295012871717626,1.2686036000882095,1.5241982074288005,1,0,0.0,1.0,0.0,0.0,0.0,1.0,0.0,0.0,0.0,1.0,0.0,0.0,0.0,1.0,0.0
1.0858988425815173,0.0,0.4633628857922455,0.4879273273380942,0.0,-0.6938564681795322,0.7306378777261087,1.2084683204435451,-0.88849440553388,-1.7024996503118452,1.016132138285867,0,0,0.0,1.0,0.0,0.0,0.0,0.0,0.0,0.0,0.0,1.0,0.0,1.0,0.0,0.0,0.0
0.6320237659921709,1.3928722507959377,0.09476774951204131,-0.44099243412721534,-1.4248859633390234,1.496055972918659,-0.265005951552298,0.0,0.6604755231155737,0.390844562511691,0.5080660691429335,0,0,0.0,0.0,1.0,1.0,0.0,0.0,1.0,0.0,0.0,0.0,0.0,0.0,0.0,1.0,0.0
-1.2134915141521774,-0.5296084935390242,1.569148294632858,1.4168470888034037,0.6181947157965635,-0.6938564681795322,-1.2606497808307044,-0.9760252539546689,1.460470155272496,1.249151381912782,1.016132138285867,0,0,0.0,0.0,0.0,0.0,0.0,0.0,0.0,0.0,0.0,0.0,1.0,1.0,0.0,0.0,0.0
1.7212833890312143,-1.2882071181632153,1.661297078702909,-1.3699121955925249,-0.6767155737964141,-0.6938564681795322,0.5884030449720504,0.2169338332186983,-0.8489955650195132,0.7724828062562036,-1.016132138285867,1,0,1.0,0.0,0.0,0.0,0.0,0.0,0.0,1.0,1.0,0.0,1.0,0.0,1.0,0.0,0.0
1.0422960090396451,0.0,-1.7482079318889796,0.4879273273380942,-0.7342671422227687,-0.6938564681795322,0.09058113033284712,0.3740450211785442,-0.9762934586337497,0.14242724416127645,1.5241982074288005,0,0,0.0,0.0,0.0,0.0,0.0,1.0,0.0,0.0,1.0,0.0,1.0,0.0,0.0,1.0,0.0
-0.6395565424149788,-1.4852683700770857,0.4633628857922455,-0.44099243412721534,-0.1587514579592231,0.766085159219262,0.5172856285950214,1.4678681748120308,-1.612067367999962,-0.8173344929712878,0.0,1,0,1.0,0.0,0.0,0.0,0.0,1.0,0.0,0.0,0.0,0.0,1.0,0.0,0.0,0.0,1.0
-0.9867567797344431,0.0,1.476999510562807,-0.44099243412721534,-0.8349823869688892,-0.6938564681795322,-0.549475617060414,0.7019292395295269,-0.42567103515901666,1.6633587065473454,1.5241982074288005,1,0,1.0,0.0,0.0,0.0,1.0,0.0,0.0,0.0,0.0,0.0,0.0,0.0,1.0,0.0,0.0
0.9315650922309844,-1.4462049006711504,-0.2738273867681629,-0.44099243412721534,-0.41773351587781865,-1.4238272818789293,1.4418120414963993,1.3293230804126572,0.501764602353136,1.0723860415204791,1.016132138285867,1,0,1.0,0.0,0.0,1.0,1.0,0.0,0.0,0.0,1.0,0.0,0.0,0.0,0.0,0.0,0.0
-1.5483207149783662,0.4602319187292309,0.37121410172219443,0.0,1.5390198106182365,0.0,0.30393337946393445,0.6802104131002952,-1.0247367829602467,-1.4328455066139456,0.5080660691429335,0,1,1.0,0.0,0.0,0.0,0.0,0.0,0.0,1.0,0.0,1.0,0.0,0.0,0.0,0.0,0.0
0.0,-0.43160103904734703,-1.6560591478189286,0.4879273273380942,-1.8133590502169168,1.496055972918659,-1.4740020299617915,-0.9881107299515801,-0.41801455701583323,-1.5001251970005163,0.5080660691429335,0,0,1.0,0.0,0.0,0.0,0.0,1.0,0.0,0.0,0.0,1.0,1.0,1.0,0.0,0.0,0.0
0.4955367568122647,-1.146253260589861,-6.547564913010081e-16,-1.3699121955925249,0.5750310394767976,0.766085159219262,-0.1938885351752689,0.7320553536087839,-0.34051954926753747,0.506397876902419,-1.5241982074288005,0,1,0.0,0.0,1.0,1.0,0.0,0.0,1.0,0.0,0.0,1.0,1.0,0.0,0.0,0.0,0.0
-0.8715641776331255,0.0,1.1084043742826029,-1.3699121955925249,-0.44650930009099593,-1.4238272818789293,0.9439901268571956,-0.31920590629645024,0.6463790166276566,0.2645836050886175,-1.5241982074288005,0,0,0.0,0.0,0.0,1.0,0.0,0.0,0.0,0.0,1.0,0.0,1.0,1.0,0.0,0.0,0.0
0.05950842139354509,0.7434420719222623,1.75344586277296,-1.3699121955925249,1.3088135369128182,0.766085159219262,1.0862249596112539,0.14284461080285124,-0.20234516333775068,1.6946785624169558,-1.5241982074288005,0,0,0.0,1.0,0.0,0.0,0.0,1.0,0.0,0.0,0.0,0.0,1.0,0.0,1.0,0.0,0.0
-0.16276462773153244,-1.5194489058072793,-6.547564913010081e-16,0.0,-1.5831527765114985,0.766085159219262,0.019463713955818012,-0.3481059575934119,-0.7224847859807442,0.3645216067238417,1.016132138285867,1,0,1.0,0.0,0.0,0.0,0.0,0.0,1.0,0.0,0.0,0.0,0.0,0.0,0.0,0.0,0.0
0.7918332210200552,-0.8183991423614749,-1.7482079318889796,1.4168470888034037,-0.21630302638557766,1.496055972918659,1.4418120414963993,-0.9031620943211172,-1.347310647160909,0.7473198451301917,0.0,1,0,0.0,0.0,1.0,0.0,0.0,0.0,1.0,0.0,0.0,1.0,1.0,0.0,1.0,0.0,0.0
1.7393329340787798,-1.105445886299732,0.27906531765214343,1.4168470888034037,-0.5184487606239391,0.766085159219262,-0.8339452825685303,0.918592048343718,-0.9928228647185663,-1.5707956410139963,-1.016132138285867,0,0,0.0,0.0,1.0,1.0,0.0,0.0,0.0,0.0,1.0,0.0,0.0,0.0,1.0,0.0,0.0
-0.3974087133498853,1.6412043063050983,1.75344586277296,0.0,-0.561612436943705,-0.6938564681795322,-3.947809655681591e-16,-0.16051835190222463,-0.2568707366564962,1.039370808837414,1.016132138285867,0,0,0.0,0.0,0.0,0.0,0.0,0.0,1.0,0.0,0.0,1.0,0.0,0.0,0.0,1.0,0.0
1.1195642861533812,0.8979520446618102,-0.2738273867681629,0.0,0.517479471050443,0.766085159219262,1.4418120414963993,0.829089465236158,-1.6352514700410035,0.09602745768777947,1.5241982074288005,1,0,1.0,0.0,0.0,1.0,0.0,0.0,0.0,1.0,0.0,0.0,1.0,0.0,0.0,1.0,0.0
1.1585026305256574,-0.9125700061079263,1.2927019424227049,-1.3699121955925249,0.675746284222918,1.496055972918659,1.4418120414963993,1.3844959056159476,-0.3810917278393599,-0.22823566547508203,-1.5241982074288005,0,0,1.0,0.0,0.0,1.0,0.0,0.0,1.0,0.0,0.0,1.0,1.0,0.0,1.0,0.0,0.0
-1.0985017159277985,1.380664916606583,0.8319580220724497,1.4168470888034037,0.6181947157965635,1.496055972918659,0.6595204613490796,0.3095891491950177,-1.0298172497655367,-0.4540777030989682,0.5080660691429335,0,0,1.0,0.0,0.0,0.0,0.0,0.0,0.0,1.0,0.0,1.0,0.0,0.0,0.0,1.0,0.0
-0.019990698366519136,0.7776226076524557,-1.0110176593285713,-1.3699121955925249,1.7116745158973001,0.0,1.2995772087423412,-1.5380874637240618,-0.22238080707692223,1.528174713263984,1.016132138285867,0,0,1.0,0.0,0.0,0.0,0.0,0.0,1.0,0.0,0.0,0.0,1.0,1.0,0.0,0.0,0.0
0.37000115698706126,1.0852474292241967,-0.6424225230483671,-1.3699121955925249,0.5750310394767976,-1.4238272818789293,-1.4740020299617915,-1.6734798252546759,1.527947341151206,-1.563657212325766,0.5080660691429335,1,1,1.0,0.0,0.0,0.0,1.0,0.0,0.0,0.0,1.0,0.0,0.0,1.0,0.0,0.0,0.0
-0.5998069825349468,0.9847985078946486,-1.2874640115387244,-0.44099243412721534,-0.5328366527305277,-0.6938564681795322,1.2995772087423412,-0.4813964972115197,-0.5031660429073125,-0.41704710427877356,1.5241982074288005,0,0,0.0,0.0,1.0,0.0,0.0,0.0,0.0,0.0,0.0,1.0,1.0,0.0,0.0,1.0,0.0
1.5730337549888496,-0.07200785192663846,-1.2874640115387244,0.0,-1.122740229100662,-1.4238272818789293,-0.6205930334374431,0.14091794071638714,-1.4689556270058792,-0.7691500993257332,0.5080660691429335,1,0,1.0,0.0,0.0,0.0,0.0,0.0,0.0,1.0,0.0,1.0,1.0,0.0,0.0,1.0,0.0
1.3757055827272615,0.768903083231488,0.0026189654419902656,-0.44099243412721534,0.9059525579283363,0.03611434551986492,-1.1184149480766465,-0.005333834028842861,0.7334625110225559,-1.2561693965802456,0.5080660691429335,0,1,1.0,0.0,0.0,1.0,0.0,0.0,1.0,0.0,0.0,1.0,1.0,0.0,1.0,0.0,0.0
0.0,-1.4615512636520536,-1.5639103637488776,-1.3699121955925249,-1.281007042273137,0.0,-0.9050626989455594,-1.1439958551291307,-1.2706743098585778,1.416369073934577,-0.5080660691429335,0,0,1.0,0.0,0.0,1.0,0.0,0.0,1.0,0.0,0.0,1.0,1.0,0.0,0.0,0.0,0.0
0.06052244077823979,0.0,-0.2738273867681629,0.4879273273380942,0.34482476577137927,0.766085159219262,-0.265005951552298,1.2492786959113757,0.35142571843885223,-0.13231302997698735,0.0,0,1,1.0,0.0,0.0,0.0,0.0,0.0,1.0,0.0,0.0,1.0,0.0,1.0,0.0,0.0,0.0
-0.6596341262319338,-1.098470266762958,-0.7345713071184181,1.4168470888034037,0.33043687366479063,1.496055972918659,-0.8339452825685303,0.5674126371291237,0.6857347454010293,-1.7200780309566124,-1.016132138285867,0,1,1.0,0.0,0.0,1.0,0.0,0.0,0.0,1.0,0.0,0.0,1.0,0.0,0.0,0.0,1.0
-0.17371603708623518,-1.2913461469547638,-1.7482079318889796,-0.44099243412721534,0.07145481574619514,0.03611434551986492,-0.6205930334374431,1.295343626160472,1.3555692491238331,1.0377646623825623,0.0,0,1,1.0,0.0,0.0,0.0,0.0,0.0,1.0,0.0,1.0,0.0,0.0,0.0,0.0,1.0,0.0
0.031318682499032524,-1.3227364348702475,-0.2738273867681629,1.4168470888034037,0.718909960542684,-0.6938564681795322,-1.2606497808307044,-0.6653059145558209,-1.1621240543145661,-1.2769600701347164,-1.5241982074288005,0,1,1.0,0.0,0.0,0.0,0.0,0.0,0.0,0.0,0.0,1.0,0.0,0.0,0.0,1.0,0.0
0.8301631537615146,-1.2006630929766995,-1.5639103637488776,-0.44099243412721534,-0.9788613080347756,-1.4238272818789293,-0.6917104498144723,-0.6959574841132045,0.2115339916171364,-1.4440885317979084,-0.5080660691429335,1,0,0.0,0.0,0.0,0.0,0.0,0.0,0.0,0.0,0.0,0.0,0.0,0.0,1.0,0.0,0.0
-0.8539202403394378,0.8397056215297459,0.5555116698622966,-0.44099243412721534,1.0642193711008112,1.496055972918659,0.30393337946393445,-0.4791195234729712,-0.914254518912815,0.3229402596149002,1.016132138285867,0,1,0.0,0.0,1.0,1.0,0.0,0.0,0.0,1.0,0.0,1.0,1.0,0.0,1.0,0.0,0.0
0.49878161884328776,1.4287966914103247,-0.458124954908265,-0.44099243412721534,-0.8493702790754778,-1.4238272818789293,-0.1938885351752689,1.0623916975243572,2.603187403912355e-16,-0.011495124428689468,1.016132138285867,1,0,1.0,0.0,0.0,1.0,1.0,0.0,0.0,0.0,0.0,1.0,0.0,1.0,0.0,0.0,0.0
-0.23800486607587895,-1.3478486652026345,1.476999510562807,0.4879273273380942,1.035443586887634,-0.6938564681795322,-0.549475617060414,0.3798250314379365,0.4855929756208047,1.3931691806978284,-1.016132138285867,1,1,1.0,0.0,0.0,1.0,0.0,0.0,0.0,0.0,0.0,1.0,1.0,0.0,0.0,0.0,1.0
-0.13072161517518002,-0.023178515169219246,1.1084043742826029,-1.3699121955925249,1.2656498605930522,-0.6938564681795322,0.8728727104801665,0.5418404705269638,1.2780026855050404,-0.6546675492382398,0.0,1,0,0.0,0.0,0.0,0.0,0.0,1.0,0.0,0.0,0.0,0.0,1.0,0.0,0.0,1.0,0.0
0.3779105081876799,0.6272980066349724,1.1084043742826029,-0.44099243412721534,0.04267903153301785,0.03611434551986492,1.4418120414963993,-1.3060112942181579,2.603187403912355e-16,-3.246181535464667e-16,0.5080660691429335,1,0,1.0,0.0,0.0,0.0,0.0,0.0,0.0,0.0,0.0,1.0,0.0,0.0,0.0,1.0,0.0
1.7442002271253143,1.5571480908869695,-1.4717615796788266,0.4879273273380942,-1.122740229100662,0.766085159219262,0.9439901268571956,-1.4163569446247386,0.14606037011234357,1.7355460666570743,1.5241982074288005,0,0,1.0,0.0,0.0,0.0,0.0,1.0,0.0,0.0,0.0,1.0,1.0,0.0,0.0,1.0,0.0
-1.096879284912287,1.6286481911389048,-0.18167860269811184,0.0,0.0,-1.4238272818789293,-0.549475617060414,0.2961024585897689,-0.09701492196610582,-1.3498612731132684,-1.5241982074288005,0,1,0.0,0.0,0.0,0.0,0.0,0.0,0.0,1.0,0.0,1.0,0.0,0.0,1.0,0.0,0.0
0.3862254671421764,1.5791212924278082,-0.08952981862806078,-1.3699121955925249,1.5102440264050592,0.03611434551986492,0.8728727104801665,1.6945146377106268,0.00545308458565736,-0.377696516134904,0.0,1,0,1.0,0.0,0.0,1.0,1.0,0.0,0.0,0.0,0.0,1.0,1.0,0.0,0.0,1.0,0.0
1.1319353226466564,-1.4399268430880536,1.384850726492756,-0.44099243412721534,1.7260624080038887,1.496055972918659,-1.1895323644536755,-1.2862191378753902,-0.9185478711426374,0.23451297423944734,-1.016132138285867,1,1,0.0,1.0,0.0,1.0,0.0,1.0,0.0,0.0,0.0,1.0,0.0,0.0,0.0,1.0,0.0
-1.5803637275347187,1.4274015675029699,-0.550273738978316,0.4879273273380942,-0.014872536893336707,0.766085159219262,-1.2606497808307044,-0.3698247840226436,-0.505956721856697,-1.412679445569695,-0.5080660691429335,1,1,0.0,1.0,0.0,1.0,0.0,1.0,0.0,0.0,1.0,0.0,1.0,0.0,1.0,0.0,0.0
-1.1017465779588216,0.7702982071388429,1.2005531583526539,-1.3699121955925249,0.0,0.03611434551986492,-0.549475617060414,-0.3072955821255812,-1.3963264184513824,-1.075477920409416,-1.5241982074288005,0,1,1.0,0.0,0.0,0.0,0.0,0.0,0.0,0.0,0.0,0.0,0.0,1.0,0.0,0.0,0.0
-1.7342918701313736,-1.4329512235512796,-0.550273738978316,0.4879273273380942,1.6109592711511795,-1.4238272818789293,1.0862249596112539,-1.0434587069809127,-0.3428093371234428,-1.3992948917792631,-1.016132138285867,0,0,1.0,0.0,0.0,0.0,0.0,1.0,0.0,0.0,0.0,1.0,0.0,1.0,0.0,0.0,0.0
0.7332229005847016,-0.33115211771779895,1.2927019424227049,-1.3699121955925249,0.4599279026240884,-0.6938564681795322,-0.9050626989455594,-0.570373624840953,-0.4286763817198924,1.5698452907315283,1.016132138285867,0,1,0.0,0.0,0.0,0.0,0.0,0.0,0.0,1.0,0.0,1.0,1.0,0.0,0.0,1.0,0.0
1.6503020321025854,0.10028995063168361,-1.4717615796788266,-1.3699121955925249,-0.2306909184921663,1.496055972918659,-1.5451194463388207,0.07751297968911378,0.7869863021543428,-0.15586984464814735,-1.5241982074288005,1,1,1.0,0.0,0.0,0.0,0.0,0.0,0.0,1.0,0.0,1.0,1.0,0.0,0.0,0.0,0.0
0.0,-0.387305854988831,0.37121410172219443,1.4168470888034037,0.5894189315833862,-1.4238272818789293,-1.2606497808307044,1.2434986856519834,1.2039423595406027,-1.2012927260394752,-1.016132138285867,0,1,1.0,0.0,0.0,0.0,0.0,0.0,0.0,1.0,0.0,1.0,0.0,1.0,0.0,0.0,0.0
-1.7568031004715958,0.07413137736878046,0.8319580220724497,1.4168470888034037,-1.1371281212072506,0.766085159219262,1.2995772087423412,0.3614340897035064,1.1290233631302005,0.7193015125288877,1.016132138285867,0,0,0.0,0.0,0.0,1.0,0.0,0.0,0.0,0.0,0.0,1.0,1.0,0.0,0.0,1.0,0.0
0.33248243975335745,1.4029868991242602,-0.08952981862806078,1.4168470888034037,-1.0939644448874848,0.0,0.5172856285950214,0.37877412048168335,1.5617217120258093,-1.358338157180542,1.5241982074288005,0,0,0.0,1.0,0.0,0.0,1.0,0.0,0.0,0.0,0.0,0.0,1.0,0.0,0.0,1.0,0.0
1.7261506820777488,1.0971059824367129,-1.2874640115387244,-1.3699121955925249,-1.209067581740194,-0.6938564681795322,-0.8339452825685303,-0.6355301041286483,-0.1224172559925555,-1.4441777621565113,1.016132138285867,0,0,1.0,0.0,0.0,0.0,0.0,0.0,0.0,0.0,0.0,1.0,1.0,1.0,0.0,0.0,0.0
-1.1919943031966498,1.6813141186415497,1.2005531583526539,0.0,-0.41773351587781865,-0.6938564681795322,0.23281596308690533,-0.35073323498404474,0.021624711317988703,-1.2524217215189248,0.0,0,0,0.0,0.0,0.0,0.0,0.0,0.0,0.0,1.0,0.0,1.0,0.0,0.0,0.0,0.0,1.0
-0.5578265800085863,-0.7193453449392816,-0.08952981862806078,0.4879273273380942,0.8052373131822158,1.496055972918659,0.09058113033284712,0.00237284631701357,-0.7519658046255252,-3.246181535464667e-16,-0.5080660691429335,1,1,1.0,0.0,0.0,0.0,0.0,0.0,0.0,0.0,0.0,0.0,1.0,0.0,0.0,0.0,1.0
1.7675226729732925,1.3618307438572927,-1.7482079318889796,0.4879273273380942,1.280037752699641,1.496055972918659,0.5884030449720504,1.703972836316905,-1.5156816104404474,0.892854560011487,0.5080660691429335,1,0,1.0,0.0,0.0,0.0,0.0,0.0,0.0,1.0,0.0,1.0,0.0,0.0,0.0,1.0,0.0
-1.4270439965688804,-0.3649838724711537,-1.3796127956087754,0.0,0.718909960542684,-0.6938564681795322,-0.9050626989455594,-0.02862902689245435,0.5466301331547809,0.9582604128673972,-1.016132138285867,0,0,0.0,0.0,0.0,1.0,0.0,0.0,1.0,0.0,0.0,1.0,0.0,0.0,0.0,0.0,0.0
-1.6799404311117379,-0.005041904373606398,-6.547564913010081e-16,0.0,-0.04364832110651399,-0.6938564681795322,1.2995772087423412,-1.1170224739186332,-0.2220945835949341,-0.735510254132448,1.5241982074288005,0,0,0.0,1.0,0.0,0.0,0.0,0.0,1.0,0.0,0.0,1.0,0.0,0.0,1.0,0.0,0.0
0.0,0.05250695680478052,-0.36597617083821393,-1.3699121955925249,1.3088135369128182,0.766085159219262,-0.6917104498144723,-0.8581480750282738,1.7962818555151108,0.8281625500243999,0.0,1,1,1.0,0.0,0.0,0.0,0.0,1.0,0.0,0.0,0.0,0.0,1.0,0.0,1.0,0.0,0.0
-1.4110224902907043,1.5463358806049696,-1.2874640115387244,1.4168470888034037,-0.6767155737964141,-0.6938564681795322,0.7306378777261087,0.23672598956146595,-1.606843789453678,-0.8573096936253775,1.5241982074288005,0,0,0.0,0.0,1.0,0.0,1.0,0.0,0.0,0.0,0.0,1.0,1.0,0.0,0.0,1.0,0.0
-1.0119044604748715,-1.662100325334311,-0.6424225230483671,-0.44099243412721534,0.8340130973953931,0.03611434551986492,-1.6873542790928788,-0.3353198742923319,0.3351109799655268,-0.7463963578819991,1.5241982074288005,1,1,1.0,0.0,0.0,1.0,0.0,0.0,1.0,0.0,1.0,0.0,1.0,0.0,0.0,1.0,0.0
0.8234706258225296,-0.9369846744866358,1.384850726492756,-1.3699121955925249,-0.2306909184921663,-1.4238272818789293,-0.40724078430635624,0.6975504438784721,1.6348518116737856,-0.9727737776575026,1.5241982074288005,0,1,0.0,0.0,0.0,0.0,0.0,0.0,0.0,1.0,0.0,1.0,0.0,0.0,1.0,0.0,0.0
-0.28343293451020135,0.0,-0.08952981862806078,0.4879273273380942,1.1217709395271658,-0.6938564681795322,-0.4783582006833849,1.6967916114491755,-0.5504644733058568,-0.8009161069883581,0.0,0,1,1.0,0.0,0.0,0.0,0.0,0.0,0.0,0.0,0.0,0.0,0.0,0.0,0.0,1.0,0.0
-0.9812810750570917,-0.8152601135699266,-0.7345713071184181,1.4168470888034037,0.22972162891867018,1.496055972918659,0.1616985467098762,1.3107569868521851,-1.4225158670532996,0.326063322166001,0.0,0,1,1.0,0.0,0.0,0.0,0.0,0.0,0.0,0.0,0.0,1.0,1.0,0.0,0.0,1.0,0.0
0.45436756979366005,-1.2177533608417963,-0.36597617083821393,1.4168470888034037,-1.4392738554456121,0.03611434551986492,-1.4740020299617915,1.5267191883622073,-0.6577267231809217,-1.5226112473684417,1.016132138285867,1,0,1.0,0.0,0.0,1.0,0.0,1.0,0.0,0.0,0.0,0.0,0.0,0.0,0.0,0.0,0.0
-1.1850989713807258,0.3838488848015537,-0.9188688752585202,-0.44099243412721534,0.9922799105678681,1.496055972918659,1.0862249596112539,-1.1054624533998485,1.6695564088648507,0.8249502571146963,-1.016132138285867,0,0,0.0,0.0,1.0,1.0,0.0,0.0,0.0,0.0,0.0,1.0,1.0,0.0,0.0,0.0,1.0
1.5586346797261847,-0.4019546560160568,0.4633628857922455,-0.44099243412721534,1.1649346158469318,0.03611434551986492,-0.9761801153225884,-1.3708174698537687,-0.40098425983753744,1.6523833724391912,0.0,0,1,0.0,0.0,1.0,0.0,0.0,0.0,1.0,0.0,0.0,1.0,1.0,0.0,0.0,1.0,0.0
0.3805469585878861,-1.315063253379796,0.0026189654419902656,1.4168470888034037,0.9347283421415136,-0.6938564681795322,0.6595204613490796,-1.4473588178342065,-1.1260598955840573,1.665767926229623,0.0,0,0,1.0,0.0,0.0,1.0,0.0,0.0,0.0,0.0,1.0,0.0,1.0,0.0,0.0,0.0,0.0
-1.5095851744830286,1.5327334225082598,1.0162555902125519,-0.44099243412721534,1.3663651053391728,-1.4238272818789293,1.0862249596112539,-1.199168680332421,0.804589046296615,-0.1863866272903319,-1.016132138285867,0,0,1.0,0.0,0.0,1.0,0.0,0.0,1.0,0.0,1.0,0.0,1.0,0.0,0.0,1.0,0.0
0.688808851535074,-0.2690691038405088,-1.4717615796788266,0.4879273273380942,1.5677955948314137,1.496055972918659,0.23281596308690533,-1.3410416594265961,0.13962034176760987,1.6707648263113843,0.0,0,1,0.0,0.0,0.0,1.0,0.0,0.0,1.0,0.0,0.0,1.0,0.0,0.0,1.0,0.0,0.0
0.0,0.7783201696061331,0.27906531765214343,-0.44099243412721534,0.44554001051749975,0.03611434551986492,0.8728727104801665,-0.8562214049418098,0.8423705459190528,-0.36618579987513267,0.5080660691429335,0,0,1.0,0.0,0.0,1.0,1.0,0.0,0.0,0.0,1.0,0.0,0.0,1.0,0.0,0.0,0.0
-0.15343564939234122,-0.941518827185539,-1.6560591478189286,-0.44099243412721534,0.5318673631570316,0.766085159219262,0.5884030449720504,1.4069153393493483,-0.038839999252011224,1.3825507680240858,-1.016132138285867,0,0,1.0,0.0,0.0,1.0,0.0,1.0,0.0,0.0,0.0,1.0,1.0,0.0,0.0,1.0,0.0
-0.26213852743161276,0.0,0.18691653358209237,1.4168470888034037,0.9778920184612795,-0.6938564681795322,-0.4783582006833849,1.5699816893946286,1.5692350784279987,1.432519768841698,0.5080660691429335,0,1,1.0,0.0,0.0,0.0,0.0,0.0,0.0,1.0,1.0,0.0,1.0,0.0,0.0,1.0,0.0
0.7464051525857327,-1.026621385534184,1.569148294632858,1.4168470888034037,1.2512619684864636,-1.4238272818789293,1.0862249596112539,0.36896561822332063,1.723652646960614,-1.4813868216939117,-1.5241982074288005,0,0,0.0,1.0,0.0,1.0,0.0,0.0,1.0,0.0,0.0,0.0,1.0,1.0,0.0,0.0,0.0
-0.3061469687273626,-1.1783411104590222,-1.1031664433986224,-1.3699121955925249,-0.20191513427898902,-0.6938564681795322,-0.6917104498144723,-1.6195330628336808,-0.5589796218950047,-1.3247875423458595,-1.016132138285867,0,1,0.0,0.0,1.0,0.0,0.0,1.0,0.0,0.0,0.0,1.0,0.0,0.0,0.0,1.0,0.0
-0.33393109986799724,0.6422955886390368,-1.1953152274686734,-1.3699121955925249,-0.5903882211568823,0.766085159219262,0.30393337946393445,0.9891782342387212,-0.1609858701904608,0.08050137529087856,0.0,0,0,1.0,0.0,0.0,1.0,0.0,0.0,0.0,1.0,1.0,0.0,0.0,0.0,0.0,1.0,0.0
-0.6188705469672071,-1.6464051813765692,-0.550273738978316,1.4168470888034037,-0.18752724217240038,-1.4238272818789293,0.8728727104801665,0.5455186588738498,-0.04499380411475678,1.3975414682693694,0.0,0,0,1.0,0.0,0.0,0.0,0.0,0.0,0.0,0.0,0.0,1.0,1.0,0.0,0.0,0.0,0.0
1.6363085645937987,-0.8644382313041844,-1.5639103637488776,-0.44099243412721534,1.754838192217066,0.766085159219262,-0.40724078430635624,1.0753529326514795,-0.20363316900669742,-3.246181535464667e-16,0.5080660691429335,0,0,0.0,1.0,0.0,1.0,0.0,1.0,0.0,0.0,0.0,1.0,0.0,1.0,0.0,0.0,0.0
-0.5813518297335033,1.6830580235257433,-0.36597617083821393,-0.44099243412721534,1.6541229474709456,-0.6938564681795322,-0.6917104498144723,-0.5668705883201092,-1.7294189956151098,0.5310254558768136,0.0,0,1,0.0,0.0,0.0,1.0,0.0,1.0,0.0,0.0,0.0,0.0,0.0,0.0,0.0,0.0,0.0
0.3639170406788931,-0.27778862826147654,-0.08952981862806078,-1.3699121955925249,1.7260624080038887,0.03611434551986492,-0.1227711187982398,-0.450569775828094,0.36337554881185813,-1.6109493023852917,0.0,0,1,0.0,1.0,0.0,0.0,0.0,1.0,0.0,0.0,0.0,1.0,0.0,0.0,0.0,1.0,0.0
-0.02769724569019883,-0.4689206035690889,-0.18167860269811184,-1.3699121955925249,-0.04364832110651399,-0.6938564681795322,1.1573423759882828,-1.395864180977802,-0.8609453953925191,-1.0913609242407285,0.0,0,0,0.0,1.0,0.0,1.0,0.0,0.0,0.0,0.0,1.0,0.0,0.0,0.0,0.0,0.0,0.0
0.7038163384285554,-0.9115236631774101,-0.36597617083821393,-1.3699121955925249,-1.122740229100662,-0.6938564681795322,1.5129294578734285,0.8149021673267405,-0.46545609915537167,0.5252254825676265,1.5241982074288005,0,0,1.0,0.0,0.0,0.0,0.0,0.0,0.0,0.0,0.0,0.0,1.0,0.0,0.0,1.0,0.0
-0.8259333053218642,-0.10025911105057385,-1.1031664433986224,0.4879273273380942,-0.7342671422227687,-0.6938564681795322,0.1616985467098762,-0.3302404713371083,-0.7486742345826612,0.3572047173184057,1.016132138285867,0,0,0.0,0.0,0.0,1.0,0.0,1.0,0.0,0.0,0.0,1.0,1.0,0.0,0.0,1.0,0.0
-1.315096256498586,0.3723391125658763,1.2005531583526539,0.4879273273380942,-1.0364128764611302,1.496055972918659,0.5884030449720504,0.2628236116417525,0.6120321987890768,0.3517616654436301,-0.5080660691429335,0,0,1.0,0.0,0.0,0.0,1.0,0.0,0.0,0.0,0.0,0.0,0.0,1.0,0.0,0.0,0.0
0.6462200373778967,-1.5787416718698597,-6.547564913010081e-16,-1.3699121955925249,1.236874076379875,0.766085159219262,1.4418120414963993,0.8296149207142847,0.801154364512757,1.0200970513791923,0.0,1,0,1.0,0.0,0.0,0.0,0.0,0.0,1.0,0.0,0.0,0.0,1.0,0.0,0.0,1.0,0.0
-0.44567603606135286,0.0,-0.8267200911884691,-0.44099243412721534,-1.0220249843545415,0.766085159219262,-1.4028846135847628,-1.413904819060148,-1.3203340839835245,0.6480064560051876,0.5080660691429335,1,0,1.0,0.0,0.0,1.0,0.0,0.0,0.0,0.0,0.0,0.0,0.0,0.0,1.0,0.0,0.0
-0.1378197508680429,-0.7932869120290879,-1.3796127956087754,-1.3699121955925249,0.9922799105678681,0.766085159219262,-0.9050626989455594,1.4212777890848078,-1.5001539865425892,0.13475343332142886,-1.016132138285867,0,1,1.0,0.0,0.0,0.0,1.0,0.0,0.0,0.0,0.0,1.0,1.0,0.0,0.0,0.0,0.0
-0.8837324102494619,0.02355813572716771,0.6476604539323476,0.4879273273380942,-0.46089719219758457,1.496055972918659,0.7306378777261087,-1.4384260747060547,-1.6336056850195715,-1.1235730836963678,-1.5241982074288005,0,0,1.0,0.0,0.0,1.0,0.0,0.0,0.0,0.0,0.0,1.0,1.0,1.0,0.0,0.0,0.0
0.41380679440587215,0.8644690708852942,-0.7345713071184181,-0.44099243412721534,-1.1946796896336052,0.03611434551986492,1.1573423759882828,-0.4043296937529554,1.5964978650873713,-1.6446783779371799,1.016132138285867,1,0,0.0,0.0,0.0,0.0,0.0,1.0,0.0,0.0,0.0,0.0,1.0,0.0,0.0,1.0,0.0
0.92284452552261,-0.8243284189677329,-0.2738273867681629,0.4879273273380942,0.4599279026240884,-0.6938564681795322,-3.947809655681591e-16,0.36826501091915187,0.9308851577238929,0.5576161027404715,-0.5080660691429335,1,0,1.0,0.0,0.0,0.0,1.0,0.0,0.0,0.0,0.0,1.0,0.0,0.0,0.0,1.0,0.0
0.865653832225829,0.4965051403204566,-1.2874640115387244,-0.44099243412721534,0.8484009895019817,0.03611434551986492,-0.265005951552298,-0.6195912879588089,-1.0415524125270514,-0.2819523413540151,-1.016132138285867,0,1,0.0,0.0,0.0,0.0,0.0,0.0,0.0,1.0,0.0,1.0,1.0,1.0,0.0,0.0,0.0
0.42861147742241473,-0.46787426063857274,1.2005531583526539,0.4879273273380942,-0.5760003290502936,1.496055972918659,-1.4740020299617915,1.0144000971887968,1.405157467378283,0.8001442174230959,0.0,0,0,1.0,0.0,0.0,0.0,0.0,0.0,1.0,0.0,0.0,0.0,0.0,0.0,0.0,0.0,0.0
-1.622344130061079,1.6335311248146467,-1.3796127956087754,-0.44099243412721534,1.7116745158973001,0.766085159219262,-0.1938885351752689,1.5037742991506802,0.4903156630736094,-3.246181535464667e-16,1.016132138285867,0,1,0.0,0.0,0.0,0.0,0.0,0.0,1.0,0.0,0.0,1.0,1.0,0.0,0.0,1.0,0.0
0.0,-0.3782375495910246,0.7398092380023986,-0.44099243412721534,0.7764615289690385,-0.6938564681795322,-0.9050626989455594,-0.10517037487289209,1.3049076928119279,-0.8090360696212201,0.0,0,1,1.0,0.0,0.0,0.0,0.0,0.0,0.0,0.0,0.0,0.0,0.0,0.0,0.0,1.0,0.0
1.7602217334034906,-0.9345432076487649,-0.550273738978316,-0.44099243412721534,-0.6191640053700596,-1.4238272818789293,-0.6917104498144723,-0.6579495378620489,-1.2965775349785067,0.24959290484333385,1.016132138285867,0,0,1.0,0.0,0.0,0.0,0.0,0.0,1.0,0.0,0.0,0.0,1.0,0.0,0.0,1.0,0.0
0.21384217174407794,1.28963308165168,-1.3796127956087754,-0.44099243412721534,1.150546723740343,-1.4238272818789293,1.0151075432342247,-1.6967750181182875,-0.9702112096415012,-0.5432188313432441,0.0,0,0,0.0,0.0,1.0,0.0,0.0,0.0,0.0,1.0,0.0,0.0,1.0,1.0,0.0,0.0,0.0
-0.826541716952681,1.6241140384400015,1.2005531583526539,1.4168470888034037,0.34482476577137927,0.03611434551986492,-1.4740020299617915,-1.0226156396818917,0.3044850673927931,0.6694217420698786,1.5241982074288005,1,1,0.0,0.0,0.0,1.0,1.0,0.0,0.0,0.0,0.0,1.0,0.0,0.0,0.0,1.0,0.0
0.0,-1.6701222878016013,-0.08952981862806078,0.4879273273380942,0.41676422630432247,0.766085159219262,-3.947809655681591e-16,-1.1207006622655191,1.0553208165182477,0.7661474507953991,-1.5241982074288005,0,0,1.0,0.0,0.0,1.0,1.0,0.0,0.0,0.0,0.0,1.0,1.0,1.0,0.0,0.0,0.0
-1.2901513796350963,0.0,-6.547564913010081e-16,0.4879273273380942,-1.597540668618087,-1.4238272818789293,-0.265005951552298,1.6146454050353876,0.9702408864972657,0.10985816327122568,1.016132138285867,0,0,1.0,0.0,0.0,0.0,0.0,1.0,0.0,0.0,0.0,1.0,1.0,0.0,0.0,1.0,0.0
0.0,1.6739897181279368,-1.3796127956087754,0.0,0.5462552552636203,0.03611434551986492,0.3750507958409635,-0.6530452867328675,0.2553261843613257,-1.3582489268219389,-0.5080660691429335,0,0,0.0,0.0,0.0,1.0,1.0,0.0,0.0,0.0,1.0,0.0,0.0,1.0,0.0,0.0,0.0
1.1653979623415813,-1.3764487053034087,-1.6560591478189286,-0.44099243412721534,0.316048981558202,1.496055972918659,-1.4740020299617915,-0.9289094127493193,-1.501298880470542,-1.0989455047219732,1.016132138285867,0,1,0.0,1.0,0.0,0.0,0.0,0.0,0.0,0.0,0.0,1.0,1.0,0.0,0.0,1.0,0.0
-1.1765812085492904,-1.0527799587970872,0.9241068061425007,-0.44099243412721534,1.150546723740343,0.03611434551986492,-3.947809655681591e-16,0.27753636502929663,0.2916050107033257,0.749282913019455,-1.5241982074288005,0,0,0.0,0.0,0.0,1.0,0.0,0.0,0.0,1.0,1.0,0.0,1.0,0.0,0.0,0.0,0.0
1.4452673125173177,0.671941971670327,1.75344586277296,0.4879273273380942,0.25849741313184743,0.03611434551986492,-1.4740020299617915,0.26807816642301824,0.8124601920512895,0.23915295288679705,-1.016132138285867,0,1,0.0,0.0,0.0,1.0,0.0,1.0,0.0,0.0,0.0,0.0,1.0,0.0,0.0,1.0,0.0
1.528214098185344,-0.18815191721392843,-1.4717615796788266,1.4168470888034037,1.6541229474709456,0.03611434551986492,1.655164290627486,0.44830939542043347,-1.3516039993907316,0.1804393769261028,-1.016132138285867,0,0,1.0,0.0,0.0,1.0,0.0,0.0,0.0,0.0,1.0,0.0,1.0,0.0,0.0,1.0,0.0
-1.6176796408914835,-1.4214414513156022,1.2005531583526539,-0.44099243412721534,-1.2953949343797257,-0.6938564681795322,1.0862249596112539,0.9294514615583338,-0.47504458580197517,0.40092759303381625,1.016132138285867,0,0,1.0,0.0,0.0,0.0,0.0,0.0,0.0,0.0,0.0,1.0,1.0,1.0,0.0,0.0,0.0
-0.9553221788089075,0.12644852389458675,-0.6424225230483671,-0.44099243412721534,0.0,0.03611434551986492,-0.1227711187982398,0.10361060176940033,0.17010314259934947,1.0328569926594038,1.016132138285867,1,0,0.0,1.0,0.0,1.0,0.0,0.0,0.0,0.0,0.0,1.0,1.0,0.0,0.0,1.0,0.0
1.2876887001357618,0.09401189304858686,0.0026189654419902656,0.0,0.2872731973450247,0.03611434551986492,-0.9761801153225884,0.6266139543313846,-1.5108873671171454,-0.9785737509666897,0.0,0,1,1.0,0.0,0.0,0.0,0.0,0.0,1.0,0.0,1.0,0.0,0.0,0.0,0.0,1.0,0.0
0.0,1.519479745388389,-1.1953152274686734,-1.3699121955925249,0.44554001051749975,-0.6938564681795322,1.5840468742504568,-0.6068052046577289,-0.724130571002176,0.051679969462148714,-1.5241982074288005,0,0,1.0,0.0,0.0,1.0,0.0,0.0,0.0,0.0,0.0,1.0,1.0,0.0,1.0,0.0,0.0
-0.35968719223924256,-1.2721631932286348,-0.458124954908265,1.4168470888034037,-1.1802917975270166,-0.6938564681795322,-0.549475617060414,1.6799770361491249,-0.8388346314089333,1.728407637968844,0.0,0,0,0.0,0.0,1.0,0.0,0.0,0.0,1.0,0.0,0.0,1.0,0.0,0.0,1.0,0.0,0.0
-0.17554127197868563,-1.573509957217279,0.27906531765214343,-0.44099243412721534,0.27288530523843607,1.496055972918659,-1.1895323644536755,1.7169340714440273,0.4400834419846864,-1.570349489220982,-0.5080660691429335,0,1,0.0,1.0,0.0,1.0,1.0,0.0,0.0,0.0,0.0,1.0,1.0,0.0,0.0,1.0,0.0
0.0,-0.9418676081623777,-0.550273738978316,-1.3699121955925249,1.1361588316337545,0.766085159219262,0.23281596308690533,-1.5652359967606015,-1.065237405661572,-0.003910543947444771,1.5241982074288005,0,1,0.0,0.0,0.0,1.0,0.0,0.0,0.0,0.0,1.0,0.0,1.0,0.0,1.0,0.0,0.0
-0.8898165265576301,1.5187821834347115,0.27906531765214343,1.4168470888034037,-0.9356976317150096,-1.4238272818789293,1.5840468742504568,0.06052325256302119,0.3487781512304617,-0.05361185368924826,-1.016132138285867,0,0,1.0,0.0,0.0,1.0,0.0,0.0,0.0,0.0,0.0,0.0,1.0,1.0,0.0,0.0,0.0
1.6561833445338148,0.0005385912558129399,-0.08952981862806078,-0.44099243412721534,0.5318673631570316,-1.4238272818789293,-1.7584716954699078,-0.914897266665944,0.1829831992888169,-0.0769902076432025,0.5080660691429335,0,1,0.0,1.0,0.0,0.0,0.0,0.0,0.0,1.0,0.0,0.0,0.0,0.0,0.0,1.0,0.0
0.9256837797997551,-1.6760515644078593,0.8319580220724497,0.4879273273380942,-0.38895773166464137,0.03611434551986492,-0.9050626989455594,-1.168166807122953,0.9303842666304136,-0.8546327828672912,0.5080660691429335,0,0,1.0,0.0,0.0,1.0,0.0,0.0,0.0,0.0,0.0,0.0,0.0,0.0,0.0,0.0,1.0
-0.10983281585046928,0.6893810205122625,0.0026189654419902656,-1.3699121955925249,1.2224861842732864,1.496055972918659,1.5840468742504568,0.4857918861934625,-0.8121442917135369,-1.7147242094404398,-1.5241982074288005,1,0,1.0,0.0,0.0,0.0,1.0,0.0,0.0,0.0,0.0,1.0,0.0,0.0,1.0,0.0,0.0
1.6957301005369079,-1.1145141916975385,0.8319580220724497,-1.3699121955925249,0.0,0.03611434551986492,-1.1184149480766465,-1.7044816984641438,-0.1502524896159046,0.3066111039905734,-1.5241982074288005,0,0,1.0,0.0,0.0,0.0,0.0,0.0,0.0,0.0,0.0,0.0,1.0,0.0,0.0,0.0,1.0
1.0637932199951727,-1.3314559592912152,0.37121410172219443,-0.44099243412721534,-1.5543769922983213,-1.4238272818789293,-1.3317671972077336,-0.7709224656592625,-1.1565426964157968,-1.3644950519241406,0.5080660691429335,0,0,1.0,0.0,0.0,0.0,0.0,0.0,1.0,0.0,0.0,1.0,0.0,0.0,0.0,1.0,0.0
-0.7454201661771053,0.8400544025065846,-0.18167860269811184,-0.44099243412721534,0.0,-0.6938564681795322,0.30393337946393445,1.155397317152761,0.3191540208446866,1.7197522931843647,0.0,0,0,0.0,0.0,0.0,0.0,0.0,0.0,0.0,1.0,1.0,0.0,0.0,0.0,0.0,1.0,0.0
1.0970530558131588,-1.4099316790799248,-0.9188688752585202,-1.3699121955925249,-1.1946796896336052,0.766085159219262,1.2995772087423412,1.7579195987379002,0.5757533724470768,-0.6527937117075793,-1.016132138285867,1,0,1.0,0.0,0.0,0.0,0.0,1.0,0.0,0.0,0.0,1.0,1.0,1.0,0.0,0.0,0.0
-0.11044122748128608,1.404382023031615,-1.1031664433986224,0.4879273273380942,-1.727031697577385,1.496055972918659,-0.051653702421210694,-0.23373181518786074,2.603187403912355e-16,-1.1766651470650806,-0.5080660691429335,0,0,1.0,0.0,0.0,0.0,0.0,0.0,0.0,0.0,0.0,1.0,1.0,0.0,0.0,0.0,0.0
-0.5888555731802441,1.043044931026713,0.5555116698622966,0.4879273273380942,1.754838192217066,0.0,1.797399123381544,0.29347518119913607,-0.6243101316588034,-0.882740345827198,-0.5080660691429335,0,0,1.0,0.0,0.0,0.0,0.0,0.0,0.0,0.0,0.0,1.0,1.0,0.0,0.0,1.0,0.0
-1.562111378610214,1.3932210317727765,0.8319580220724497,1.4168470888034037,0.6469705000097408,0.0,0.6595204613490796,-1.5161934854687877,-0.10159449767791648,-0.2022696311216443,0.0,1,0,1.0,0.0,0.0,0.0,0.0,1.0,0.0,0.0,0.0,1.0,0.0,0.0,1.0,0.0,0.0
-1.4037215507209024,-0.8128186467320555,-0.9188688752585202,-0.44099243412721534,-0.14436356585263446,1.496055972918659,-1.4740020299617915,-1.1897104817261426,-0.6630934134681998,1.2836835306920962,-1.016132138285867,0,0,1.0,0.0,0.0,0.0,0.0,0.0,0.0,1.0,0.0,0.0,1.0,1.0,0.0,0.0,0.0
0.07127104625600358,1.0918742677841322,-0.2738273867681629,0.4879273273380942,-0.8493702790754778,1.496055972918659,1.797399123381544,-1.6065718277065586,-1.2445564171271577,1.266729762557549,1.5241982074288005,0,0,1.0,0.0,0.0,1.0,0.0,0.0,0.0,0.0,0.0,1.0,0.0,1.0,0.0,0.0,0.0
-1.5761048461190008,-0.179083611816122,-1.6560591478189286,1.4168470888034037,-1.3385586106994916,0.0,-0.3361233679293271,-0.7590121414883935,-0.6351866239743537,0.9360420535752804,-1.5241982074288005,0,0,1.0,0.0,0.0,1.0,1.0,0.0,0.0,0.0,0.0,1.0,1.0,0.0,0.0,0.0,0.0
1.631238467670325,0.44314165086413415,-1.2874640115387244,0.4879273273380942,0.9635041263546908,-0.6938564681795322,-0.7628278661915013,1.6894352347554034,1.6790733396409572,-0.4522038655683078,-1.5241982074288005,0,1,1.0,0.0,0.0,0.0,0.0,0.0,1.0,0.0,0.0,1.0,1.0,0.0,0.0,0.0,0.0
0.9236557410303657,-0.9519822564907003,-1.3796127956087754,-0.44099243412721534,-0.8349823869688892,1.496055972918659,0.23281596308690533,1.6167472269478937,0.6758600352724377,-1.320682945850127,1.5241982074288005,1,0,1.0,0.0,0.0,0.0,0.0,0.0,1.0,0.0,0.0,0.0,1.0,0.0,0.0,1.0,0.0
-0.2124515775815726,0.8212202297572944,0.7398092380023986,1.4168470888034037,-1.0364128764611302,0.0,-0.6917104498144723,1.5156846233215493,0.4548239513070769,-0.5988093447528376,0.0,1,0,0.0,0.0,0.0,0.0,0.0,0.0,0.0,1.0,0.0,1.0,1.0,0.0,0.0,0.0,1.0
-0.7332519335607689,-0.09886398714321902,-1.3796127956087754,1.4168470888034037,-1.683868021257619,0.766085159219262,-1.4740020299617915,-0.445140069220786,2.603187403912355e-16,0.9595096378878375,0.0,1,0,1.0,0.0,0.0,0.0,0.0,1.0,0.0,0.0,0.0,0.0,1.0,0.0,0.0,1.0,0.0
1.6407702498864554,-1.5334001448808277,-0.18167860269811184,1.4168470888034037,1.39514088955235,-1.4238272818789293,-1.7584716954699078,-1.6783840763838573,0.8274153689851712,1.5395069688065497,-1.5241982074288005,1,1,1.0,0.0,0.0,1.0,0.0,0.0,0.0,0.0,0.0,1.0,1.0,0.0,0.0,1.0,0.0
0.7954836908049561,1.1836036646927126,0.5555116698622966,0.4879273273380942,-1.2234554738467824,0.03611434551986492,-0.1938885351752689,-1.5923845297971413,1.6455851922483418,-0.8443712916279601,-1.5241982074288005,0,0,0.0,1.0,0.0,1.0,0.0,0.0,0.0,0.0,0.0,1.0,0.0,0.0,1.0,0.0,0.0
1.4990103399061367,-0.09467861542115451,0.0026189654419902656,0.0,-1.2378433659533712,-1.4238272818789293,1.228459792365312,-0.42780003844260905,1.1419034198196678,-0.5770371372537352,1.5241982074288005,1,0,1.0,0.0,0.0,0.0,0.0,0.0,0.0,0.0,0.0,1.0,1.0,0.0,0.0,0.0,1.0
0.8784304764729822,1.3503209716216154,0.6476604539323476,1.4168470888034037,1.1217709395271658,0.03611434551986492,0.30393337946393445,-0.9490518727441714,0.3067748552486984,-1.1482006626707624,-1.016132138285867,0,0,0.0,0.0,0.0,0.0,1.0,0.0,0.0,0.0,1.0,0.0,1.0,0.0,1.0,0.0,0.0
-1.11736247648312,0.0919192071875546,-0.7345713071184181,-1.3699121955925249,1.4958561342984704,-0.6938564681795322,-3.947809655681591e-16,1.5741853332196412,-0.30309582899758486,0.2722574159284651,1.5241982074288005,0,0,1.0,0.0,0.0,0.0,1.0,0.0,0.0,0.0,0.0,0.0,1.0,0.0,1.0,0.0,0.0
0.9425165015856871,-0.013761428794574114,-1.1953152274686734,-0.44099243412721534,1.0066678026744567,-0.6938564681795322,-0.7628278661915013,0.49612584392995174,1.3495585560020817,-0.5796248176532187,0.0,0,1,1.0,0.0,0.0,1.0,0.0,0.0,0.0,0.0,0.0,1.0,1.0,0.0,0.0,0.0,0.0
0.1641552218940378,-0.9258236832277972,-1.5639103637488776,-1.3699121955925249,0.0,0.0,-0.7628278661915013,1.4493020812515587,-0.6751863555821997,-1.3824303540033192,1.5241982074288005,0,1,0.0,1.0,0.0,1.0,0.0,0.0,0.0,1.0,0.0,0.0,1.0,0.0,0.0,0.0,1.0
0.0,0.015187392283038701,-0.9188688752585202,-1.3699121955925249,0.15778216838572698,-0.6938564681795322,-1.1895323644536755,0.0,1.1169304210162003,0.4211828844366698,1.5241982074288005,1,1,1.0,0.0,0.0,0.0,0.0,0.0,0.0,0.0,1.0,0.0,1.0,0.0,0.0,1.0,0.0
1.2720728016114635,1.0943157346220032,1.2927019424227049,1.4168470888034037,-1.683868021257619,1.496055972918659,-1.1895323644536755,-0.0547266489727409,1.4249068876354662,1.2283607083583112,0.0,0,0,0.0,1.0,0.0,0.0,1.0,0.0,0.0,0.0,0.0,1.0,1.0,0.0,1.0,0.0,0.0
-0.1465403175764173,1.4005454322863893,0.4633628857922455,1.4168470888034037,-0.3601819474514641,-1.4238272818789293,-3.947809655681591e-16,-1.6834634793390808,0.7559310543586268,0.019289349289303714,-1.016132138285867,0,1,1.0,0.0,0.0,1.0,0.0,0.0,1.0,0.0,1.0,0.0,1.0,0.0,0.0,0.0,0.0
-1.4548281277095152,0.9523618770486487,1.384850726492756,0.4879273273380942,1.3232014290194067,-0.6938564681795322,1.0862249596112539,-0.7162750959340987,-1.3588311423109327,1.3067941935702416,1.016132138285867,0,0,0.0,0.0,0.0,1.0,0.0,0.0,1.0,0.0,0.0,1.0,0.0,0.0,0.0,1.0,0.0
-1.084305444542073,1.591328626617163,-0.36597617083821393,0.4879273273380942,0.877176773715159,-1.4238272818789293,-3.947809655681591e-16,-0.5094207893782704,0.8456621159619166,1.514076316604729,-1.5241982074288005,1,0,1.0,0.0,0.0,0.0,0.0,0.0,0.0,1.0,1.0,0.0,1.0,1.0,0.0,0.0,0.0
0.8987108641668762,-0.6021549367214756,-1.6560591478189286,0.4879273273380942,0.013903247319840573,-1.4238272818789293,1.7262817070045149,0.943288455815667,2.603187403912355e-16,0.9360420535752804,0.5080660691429335,0,0,0.0,1.0,0.0,0.0,1.0,0.0,0.0,0.0,0.0,0.0,1.0,1.0,0.0,0.0,0.0
-0.32439931765186714,0.0,0.37121410172219443,-0.44099243412721534,0.7476857447558612,-0.6938564681795322,-0.9050626989455594,-0.8187389141687808,1.1726008882628987,-1.154982169924581,0.0,0,1,0.0,1.0,0.0,0.0,1.0,0.0,0.0,0.0,0.0,1.0,1.0,0.0,0.0,1.0,0.0
0.11811874182889857,0.7615786827178751,-0.9188688752585202,0.4879273273380942,0.316048981558202,-1.4238272818789293,1.3706946251193701,-0.9784773795192595,1.1102041691894784,-0.11428849753920584,0.5080660691429335,0,0,1.0,0.0,0.0,0.0,0.0,1.0,0.0,0.0,0.0,1.0,1.0,0.0,0.0,1.0,0.0
0.4983760110894099,0.5083636935329727,1.661297078702909,-1.3699121955925249,0.1290063841725497,-0.6938564681795322,-0.6205930334374431,0.9005514102613722,0.8740697965492421,-1.315418354692557,1.016132138285867,0,1,1.0,0.0,0.0,0.0,0.0,0.0,0.0,1.0,1.0,0.0,0.0,0.0,1.0,0.0,0.0
0.9011445106901435,-1.7594102178723108,-6.547564913010081e-16,0.4879273273380942,0.9491162342481022,-0.6938564681795322,-1.3317671972077336,-0.914021507535733,1.0702044375816324,0.08255367353874478,-1.5241982074288005,0,1,0.0,0.0,0.0,0.0,0.0,0.0,0.0,1.0,0.0,0.0,1.0,0.0,0.0,1.0,0.0
0.8908015129662575,-0.6070378703972175,0.5555116698622966,1.4168470888034037,-0.5040608685173504,-0.6938564681795322,1.3706946251193701,1.3717098223148676,-0.594256666050046,-3.246181535464667e-16,0.0,0,0,0.0,0.0,0.0,0.0,0.0,1.0,0.0,0.0,0.0,0.0,1.0,1.0,0.0,0.0,0.0
0.0,1.3935698127496152,-6.547564913010081e-16,0.4879273273380942,-0.20191513427898902,0.03611434551986492,0.5172856285950214,-0.18031050824499228,0.08488010083737324,-0.7566578491213302,0.5080660691429335,1,0,1.0,0.0,0.0,0.0,0.0,1.0,0.0,0.0,0.0,1.0,0.0,0.0,1.0,0.0,0.0
0.3253843040604946,-0.7807307968628944,0.6476604539323476,-0.44099243412721534,1.4958561342984704,-1.4238272818789293,-1.1895323644536755,-1.174472272860472,0.8852325123467806,0.029461610170031894,0.0,0,1,0.0,0.0,0.0,1.0,0.0,0.0,1.0,0.0,0.0,1.0,1.0,1.0,0.0,0.0,0.0
-1.2925850261583636,-1.3897023824232797,0.8319580220724497,0.0,-0.7054913580095914,0.766085159219262,-0.265005951552298,0.0,0.05475507935811884,0.0496276712142825,0.5080660691429335,0,0,0.0,0.0,1.0,0.0,0.0,0.0,0.0,1.0,0.0,1.0,0.0,0.0,0.0,1.0,0.0
-0.8924529769578363,0.6782200292534237,1.661297078702909,-1.3699121955925249,-0.6047761132634709,-0.6938564681795322,-0.7628278661915013,-1.5484214214605512,-1.700295756322814,-0.21610033670509052,0.0,0,0,0.0,0.0,0.0,0.0,0.0,0.0,0.0,1.0,0.0,1.0,0.0,0.0,0.0,1.0,0.0
-0.602646236812092,-1.1368361742152158,0.0026189654419902656,-0.44099243412721534,-1.3961101791258461,-1.4238272818789293,0.8728727104801665,-0.1885426440689753,1.0656248618698219,-3.246181535464667e-16,1.5241982074288005,0,0,1.0,0.0,0.0,0.0,0.0,1.0,0.0,0.0,0.0,0.0,1.0,0.0,0.0,0.0,0.0
1.0579119075639436,-0.672259913066056,0.6476604539323476,0.4879273273380942,1.236874076379875,1.496055972918659,-3.947809655681591e-16,-0.2158663289315572,1.7431158437358092,0.7578490274453314,0.5080660691429335,0,1,0.0,0.0,0.0,0.0,0.0,0.0,0.0,0.0,1.0,0.0,1.0,0.0,0.0,0.0,1.0
-1.2175475916909562,-0.693884333630056,0.0026189654419902656,1.4168470888034037,-1.122740229100662,-0.6938564681795322,1.7262817070045149,1.572083511307135,0.37897472858021314,-0.052719550103219465,0.0,0,0,1.0,0.0,0.0,1.0,0.0,0.0,0.0,0.0,0.0,0.0,1.0,0.0,0.0,0.0,1.0
-0.2966151865112324,0.2007388719612317,-0.08952981862806078,-0.44099243412721534,-1.6982559133642077,-0.6938564681795322,-1.5451194463388207,1.2653926639072575,-0.03139818872031893,-3.246181535464667e-16,1.016132138285867,0,0,0.0,0.0,1.0,0.0,0.0,0.0,1.0,0.0,0.0,1.0,1.0,0.0,0.0,0.0,0.0
0.6224919837760408,-0.45496936449554054,0.0026189654419902656,-1.3699121955925249,0.25849741313184743,0.766085159219262,-0.4783582006833849,0.7879287861162431,1.1331736036190287,-1.0684287220797888,-1.016132138285867,1,1,1.0,0.0,0.0,0.0,0.0,0.0,0.0,0.0,0.0,0.0,1.0,0.0,0.0,1.0,0.0
-1.2905569873889742,-0.7625941860672815,1.384850726492756,0.4879273273380942,-0.8349823869688892,0.03611434551986492,-0.051653702421210694,1.7456589709149468,1.0261260213554548,-0.5466095849701536,0.0,0,0,1.0,0.0,0.0,1.0,0.0,0.0,0.0,0.0,1.0,0.0,1.0,0.0,0.0,1.0,0.0
0.19680664608120704,-1.4280682898755375,-1.6560591478189286,0.0,-0.9932492001413642,0.03611434551986492,0.019463713955818012,0.3169455258887897,-0.09451046649870938,0.5210316557132911,-1.016132138285867,0,0,0.0,0.0,0.0,0.0,0.0,0.0,0.0,0.0,0.0,0.0,0.0,0.0,0.0,1.0,0.0
0.0,-0.337081394324057,0.9241068061425007,-0.44099243412721534,0.8340130973953931,-0.6938564681795322,-0.6205930334374431,-0.027928419588285583,-1.51174603756311,1.2665513018403434,-1.016132138285867,0,1,1.0,0.0,0.0,1.0,1.0,0.0,0.0,0.0,0.0,0.0,1.0,0.0,0.0,1.0,0.0
0.1394131489074872,0.47557828171013405,1.2927019424227049,-0.44099243412721534,-0.9356976317150096,-1.4238272818789293,0.8017552941031377,0.0,1.5014001131968036,0.3116972344309375,-1.5241982074288005,0,0,0.0,0.0,1.0,0.0,0.0,0.0,1.0,0.0,1.0,0.0,0.0,0.0,0.0,1.0,0.0
1.5233468051388095,-0.31510819278321833,0.18691653358209237,-1.3699121955925249,1.3807529974457613,1.496055972918659,1.3706946251193701,1.3915019786576353,-0.21622700221417668,-0.42748705623531036,1.5241982074288005,0,0,0.0,0.0,1.0,0.0,0.0,1.0,0.0,0.0,0.0,0.0,0.0,0.0,0.0,1.0,0.0
-0.8602071605245449,-1.1860142919494738,-1.5639103637488776,0.4879273273380942,-1.079576552780896,1.496055972918659,-3.947809655681591e-16,0.35828135683474693,2.603187403912355e-16,0.6592494811891504,1.016132138285867,0,0,0.0,1.0,0.0,0.0,0.0,0.0,0.0,0.0,0.0,1.0,0.0,0.0,0.0,0.0,0.0
-0.6032546484429088,0.189577880702393,-1.2874640115387244,-0.44099243412721534,0.8915646658217476,-1.4238272818789293,1.0862249596112539,0.4500609136808554,-1.5554666744368022,-0.14783911237388825,-1.016132138285867,1,0,1.0,0.0,0.0,0.0,1.0,0.0,0.0,0.0,0.0,1.0,1.0,0.0,0.0,1.0,0.0
1.5198991392308474,0.8166860770583911,-0.458124954908265,1.4168470888034037,-1.2522312580599597,-0.6938564681795322,1.2995772087423412,1.668066711978256,-1.6290976651782578,0.7226030357971943,-0.5080660691429335,0,0,0.0,1.0,0.0,1.0,0.0,0.0,0.0,0.0,1.0,0.0,1.0,0.0,0.0,0.0,0.0
-1.622749737814957,-1.4472512436016665,0.6476604539323476,-0.44099243412721534,0.5606431473702089,1.496055972918659,0.23281596308690533,-0.11778130634792988,0.7879165284708043,-0.597827810808206,1.5241982074288005,0,0,1.0,0.0,0.0,1.0,1.0,0.0,0.0,0.0,0.0,1.0,0.0,0.0,0.0,0.0,1.0
-0.40957694596622163,-0.5177499403265081,-0.9188688752585202,0.4879273273380942,0.6325826079031521,0.03611434551986492,1.1573423759882828,-1.6531622134337818,-0.5637738652183064,0.9336328338930027,-1.016132138285867,1,0,1.0,0.0,0.0,0.0,0.0,0.0,1.0,0.0,0.0,1.0,0.0,0.0,0.0,0.0,0.0
0.6257368458070638,-1.0820775608515385,-1.0110176593285713,-0.44099243412721534,-0.921309739608421,-1.4238272818789293,-0.6917104498144723,-0.07171637609883348,0.5753955930945915,-0.43123473129663126,0.0,0,0,0.0,0.0,0.0,0.0,0.0,0.0,0.0,0.0,0.0,1.0,0.0,0.0,0.0,1.0,0.0
-1.3031308277591884,-0.7067892297730881,1.2005531583526539,-1.3699121955925249,0.2872731973450247,0.766085159219262,-0.3361233679293271,-0.3382974553350491,1.7062645704298327,-3.246181535464667e-16,-1.016132138285867,1,1,1.0,0.0,0.0,1.0,1.0,0.0,0.0,0.0,0.0,1.0,1.0,0.0,1.0,0.0,0.0
-0.9841203293342369,1.3607844009267764,1.1084043742826029,-0.44099243412721534,1.4526924579787046,-0.6938564681795322,-0.6205930334374431,1.237718675392591,-0.6007682502652768,0.15884563014420613,0.0,0,1,1.0,0.0,0.0,1.0,0.0,0.0,0.0,1.0,1.0,0.0,1.0,0.0,0.0,1.0,0.0
-0.7707706507944726,-1.496778142312763,-1.2874640115387244,-0.44099243412721534,-1.1083523369940733,-1.4238272818789293,-0.1227711187982398,0.28051394607201385,-0.23504619615489855,1.51782399166605,0.0,0,0,0.0,0.0,1.0,0.0,0.0,0.0,0.0,1.0,0.0,1.0,1.0,0.0,0.0,1.0,0.0
-1.2400588220311783,0.10726557016845778,1.476999510562807,0.4879273273380942,0.48870368683726567,1.496055972918659,-0.7628278661915013,1.3125085051126069,-0.5541138227012059,0.9057929620089045,-0.5080660691429335,0,0,1.0,0.0,0.0,0.0,1.0,0.0,0.0,0.0,0.0,0.0,1.0,0.0,0.0,1.0,0.0
0.0,0.5414978863326501,-1.6560591478189286,-1.3699121955925249,0.2009458447054929,-0.6938564681795322,1.655164290627486,0.0,-0.12527949081243717,1.4341259152965498,-1.016132138285867,1,0,1.0,0.0,0.0,0.0,0.0,0.0,0.0,0.0,1.0,0.0,0.0,0.0,0.0,1.0,0.0
-0.17249921382460154,-0.9861627922208938,0.8319580220724497,0.4879273273380942,-0.7054913580095914,0.03611434551986492,-0.6205930334374431,0.6120763527698826,-1.4694565180993586,-1.558392621168196,-1.016132138285867,1,0,0.0,0.0,1.0,1.0,0.0,0.0,0.0,0.0,0.0,1.0,1.0,0.0,0.0,0.0,0.0
-0.672613574356026,-0.5135645686044435,-1.4717615796788266,-0.44099243412721534,1.7404503001104774,-0.6938564681795322,-1.4028846135847628,-1.0205138177693855,-1.3463088649739505,-0.7141841984263599,0.5080660691429335,0,1,1.0,0.0,0.0,0.0,0.0,0.0,1.0,0.0,0.0,1.0,1.0,0.0,0.0,0.0,1.0
0.0,-1.2121728652123769,-1.7482079318889796,1.4168470888034037,-0.4321214079844073,-0.6938564681795322,0.09058113033284712,0.6353715456334941,0.22691850377400027,1.0343739087556527,1.5241982074288005,0,0,0.0,0.0,0.0,0.0,0.0,0.0,1.0,0.0,1.0,0.0,0.0,0.0,0.0,0.0,1.0
-1.0017642666279245,0.033672784055490255,-0.08952981862806078,-0.44099243412721534,0.9059525579283363,0.03611434551986492,-1.5451194463388207,-1.1513522318229026,-0.05486851424334849,-1.6768905373928191,0.5080660691429335,0,1,0.0,0.0,1.0,1.0,0.0,1.0,0.0,0.0,0.0,1.0,0.0,0.0,0.0,1.0,0.0
1.7435918154944976,0.5198734657686501,0.5555116698622966,0.4879273273380942,1.351977213232584,0.03611434551986492,-1.3317671972077336,-0.32323439829542067,-1.1536804615959153,-1.5785586822124467,-1.5241982074288005,0,1,0.0,0.0,1.0,0.0,0.0,0.0,1.0,0.0,0.0,0.0,1.0,0.0,0.0,0.0,1.0
0.36168619803256474,-1.4294634137828923,0.4633628857922455,1.4168470888034037,-1.209067581740194,-0.6938564681795322,-0.9761801153225884,-0.8406328924240547,-1.6685249498221275,0.3003649788883719,0.0,0,0,0.0,1.0,0.0,0.0,0.0,0.0,0.0,0.0,0.0,0.0,1.0,0.0,0.0,1.0,0.0
-0.6340808377376275,0.2418950272281993,-0.9188688752585202,0.4879273273380942,0.718909960542684,0.03611434551986492,-0.1227711187982398,-1.0490635654142628,-0.7219838948872649,-1.3691350305714902,-0.5080660691429335,0,1,1.0,0.0,0.0,0.0,0.0,1.0,0.0,0.0,0.0,1.0,0.0,0.0,0.0,1.0,0.0
-1.1112783601749519,-0.4905450241330888,-0.458124954908265,0.0,-1.3097828264863143,-1.4238272818789293,-0.1938885351752689,0.8663968041831449,-0.34059110513803453,-1.179966670333387,0.5080660691429335,0,0,1.0,0.0,0.0,0.0,0.0,0.0,1.0,0.0,1.0,0.0,1.0,0.0,0.0,1.0,0.0
0.6709621103644473,-0.5937841932773466,0.18691653358209237,-1.3699121955925249,-0.07242410531969126,0.03611434551986492,1.0862249596112539,-1.4655746077425944,-1.601691766777891,-1.0433549913123799,-1.016132138285867,0,0,0.0,0.0,0.0,0.0,1.0,0.0,0.0,0.0,0.0,1.0,1.0,0.0,0.0,1.0,0.0
-1.3730981653031225,1.265567194249809,0.09476774951204131,1.4168470888034037,-0.27385459481193225,0.03611434551986492,0.8728727104801665,0.598764813990676,1.6656208359875133,1.6103558735372354,-1.5241982074288005,0,0,0.0,0.0,0.0,0.0,0.0,0.0,0.0,1.0,0.0,1.0,1.0,0.0,0.0,1.0,0.0
1.5065140833528774,1.2903306436053574,0.18691653358209237,-0.44099243412721534,-1.683868021257619,-0.6938564681795322,-0.265005951552298,1.5899489975634384,0.8200451143239759,0.26038977823428217,-0.5080660691429335,1,0,0.0,1.0,0.0,0.0,0.0,0.0,1.0,0.0,0.0,1.0,1.0,0.0,1.0,0.0,0.0
1.3085774994604726,-1.4064438693115375,1.476999510562807,0.4879273273380942,-0.46089719219758457,-1.4238272818789293,-0.549475617060414,-1.2562681756221754,-0.5483177971909455,-1.1517698770148774,1.016132138285867,1,0,1.0,0.0,0.0,0.0,0.0,0.0,1.0,0.0,0.0,1.0,1.0,0.0,0.0,1.0,0.0
0.1955898228195734,0.0,1.2927019424227049,-0.44099243412721534,-1.7414195896839735,0.766085159219262,-0.6205930334374431,-0.8124334484312619,1.3367500551831113,-1.1386530143002542,-1.016132138285867,0,0,1.0,0.0,0.0,1.0,1.0,0.0,0.0,0.0,1.0,0.0,0.0,0.0,0.0,1.0,0.0
0.48843862111940184,0.4393050601189084,0.9241068061425007,-1.3699121955925249,-1.007637092247953,0.766085159219262,1.0151075432342247,0.6665485706690042,1.4602554876610048,1.6764755692619686,-1.016132138285867,0,0,1.0,0.0,0.0,1.0,0.0,0.0,0.0,0.0,0.0,0.0,0.0,0.0,0.0,0.0,1.0
-1.7107666204064567,-1.43818293820386,0.4633628857922455,-1.3699121955925249,0.028291139426429215,1.496055972918659,-1.5451194463388207,-1.5289795687698677,-0.8473497799980813,0.4627642315456113,1.016132138285867,0,0,0.0,0.0,0.0,0.0,1.0,0.0,0.0,0.0,1.0,0.0,0.0,0.0,0.0,1.0,0.0
-0.00903928901181641,0.34060004367355384,0.7398092380023986,1.4168470888034037,-0.8062066027557119,0.03611434551986492,-1.6873542790928788,0.9641315231146877,1.3074837041498215,-3.246181535464667e-16,0.0,1,0,1.0,0.0,0.0,0.0,0.0,0.0,1.0,0.0,0.0,1.0,1.0,0.0,0.0,1.0,0.0
-1.1327755711304794,0.0,-1.7482079318889796,-1.3699121955925249,0.8484009895019817,0.0,1.0862249596112539,1.0289376987502987,-1.3106024855959268,0.3489955243269408,0.0,0,0,0.0,0.0,1.0,0.0,0.0,0.0,0.0,0.0,0.0,0.0,0.0,0.0,0.0,0.0,0.0
1.694716081152213,0.19969252903071555,-6.547564913010081e-16,-1.3699121955925249,1.3232014290194067,-1.4238272818789293,-0.051653702421210694,-1.5379123118980196,0.4513177136527219,0.16241484448832127,0.5080660691429335,0,1,0.0,0.0,0.0,0.0,0.0,1.0,0.0,0.0,0.0,0.0,0.0,0.0,0.0,1.0,0.0
0.0,-0.21256658559263802,-1.1953152274686734,-0.44099243412721534,-1.525601208085144,0.766085159219262,-1.2606497808307044,-0.5078444229438906,1.261473279420224,-0.33763208512221143,0.5080660691429335,1,0,1.0,0.0,0.0,0.0,0.0,0.0,1.0,0.0,1.0,0.0,0.0,0.0,0.0,1.0,0.0
0.5040545196437002,-0.7451551372253461,-6.547564913010081e-16,-1.3699121955925249,-0.5040608685173504,1.496055972918659,-0.9050626989455594,1.5459858892268483,-0.6041313761786378,-1.6826012803434034,-1.016132138285867,0,0,0.0,1.0,0.0,1.0,1.0,0.0,0.0,0.0,0.0,0.0,0.0,1.0,0.0,0.0,0.0
-1.7117806397911512,0.9216691510868424,1.476999510562807,-1.3699121955925249,-0.00048464478674806644,-1.4238272818789293,1.5840468742504568,0.1586082751466485,1.7607901437485782,1.206499270500606,1.5241982074288005,1,0,1.0,0.0,0.0,0.0,0.0,1.0,0.0,0.0,0.0,1.0,0.0,1.0,0.0,0.0,0.0
-0.2655861933395747,-1.589205101175021,-0.08952981862806078,0.4879273273380942,-0.6767155737964141,0.03611434551986492,1.2995772087423412,-0.7118963002830438,0.8615475192122599,0.7459813897511486,-1.016132138285867,1,0,0.0,1.0,0.0,0.0,0.0,0.0,0.0,0.0,0.0,1.0,1.0,1.0,0.0,0.0,0.0
-0.2566628227542614,-0.648194025664185,-1.7482079318889796,-1.3699121955925249,-1.0220249843545415,0.766085159219262,0.7306378777261087,1.748636551957664,0.005667752197148484,-0.48718216614063625,0.5080660691429335,1,0,0.0,0.0,0.0,0.0,0.0,0.0,0.0,0.0,0.0,1.0,0.0,1.0,0.0,0.0,0.0
-1.6476946146784464,-1.118699563419603,-0.9188688752585202,0.4879273273380942,1.596571379044591,1.496055972918659,-0.051653702421210694,0.5164434557508459,-0.5224145720710166,1.2604836374553476,1.016132138285867,0,0,0.0,0.0,0.0,1.0,1.0,0.0,0.0,0.0,0.0,0.0,1.0,1.0,0.0,0.0,0.0
0.5687489563872218,-1.1577630328255384,1.476999510562807,-1.3699121955925249,1.2656498605930522,-0.6938564681795322,0.09058113033284712,0.6903692190107423,1.6636888274840933,1.3656862302481416,0.5080660691429335,0,1,0.0,0.0,0.0,0.0,0.0,1.0,0.0,0.0,1.0,0.0,1.0,0.0,0.0,0.0,0.0
-0.5809462219796254,0.0,-1.0110176593285713,-1.3699121955925249,-0.1587514579592231,0.766085159219262,1.7262817070045149,0.8402991821028583,-1.2287425697473116,-0.9006756479063766,-1.016132138285867,0,0,1.0,0.0,0.0,1.0,1.0,0.0,0.0,0.0,0.0,1.0,0.0,0.0,0.0,0.0,0.0
-1.1936167342121613,0.2492194277418122,-6.547564913010081e-16,1.4168470888034037,0.30166108945161335,1.496055972918659,1.655164290627486,-1.549297180590762,-1.5589013562206602,1.1959700881854662,-0.5080660691429335,1,0,1.0,0.0,0.0,0.0,0.0,0.0,1.0,0.0,0.0,1.0,1.0,1.0,0.0,0.0,0.0
1.150796083201978,1.4389113397386473,1.1084043742826029,1.4168470888034037,1.481468242191882,-1.4238272818789293,-0.9761801153225884,-0.707517504631989,-0.2917900014590523,1.6484572366606647,-1.016132138285867,0,1,0.0,0.0,0.0,1.0,0.0,0.0,0.0,0.0,0.0,1.0,1.0,0.0,0.0,1.0,0.0
1.4592607800261046,0.7033322595858108,-1.2874640115387244,0.4879273273380942,0.7908494210756272,-0.6938564681795322,1.1573423759882828,-0.30221617917035765,-0.002918952262496476,1.1373457425833748,-0.5080660691429335,0,0,1.0,0.0,0.0,1.0,0.0,0.0,0.0,1.0,0.0,0.0,0.0,0.0,0.0,0.0,0.0
1.7549488326030782,0.009258115676780655,1.661297078702909,-1.3699121955925249,-1.4680496396587894,1.496055972918659,-1.0472975316996174,0.5202967959237742,-1.7186856150405536,1.0869305899727484,-0.5080660691429335,0,0,1.0,0.0,0.0,0.0,0.0,0.0,0.0,0.0,0.0,1.0,1.0,0.0,1.0,0.0,0.0
1.846007773348662,0.5446369151241984,-0.2738273867681629,-0.44099243412721534,0.41676422630432247,1.496055972918659,-0.9761801153225884,0.7325808090869105,0.23021007381686417,-3.246181535464667e-16,-1.016132138285867,0,1,1.0,0.0,0.0,0.0,0.0,0.0,0.0,0.0,0.0,1.0,1.0,0.0,0.0,0.0,0.0
-0.7665117693787549,-1.7322053016788914,-6.547564913010081e-16,1.4168470888034037,-1.7558074817905622,0.03611434551986492,0.6595204613490796,-1.552099609807437,0.9771818059354787,0.41618598435490856,1.5241982074288005,0,0,0.0,1.0,0.0,0.0,0.0,0.0,0.0,0.0,0.0,1.0,0.0,1.0,0.0,0.0,0.0
-0.7602248491936479,-0.9240797783436036,0.6476604539323476,-0.44099243412721534,-0.10119988953286854,0.766085159219262,-0.3361233679293271,0.4500609136808554,-0.6467071191243774,-1.5166328133420488,1.5241982074288005,0,1,1.0,0.0,0.0,0.0,1.0,0.0,0.0,0.0,0.0,0.0,1.0,0.0,0.0,1.0,0.0
-1.3607271288098473,0.13272658147768351,1.384850726492756,1.4168470888034037,0.0,0.0,1.5840468742504568,1.6272563365104253,0.4525341634511716,0.46071193329774507,-1.5241982074288005,1,0,0.0,1.0,0.0,1.0,1.0,0.0,0.0,0.0,0.0,0.0,1.0,0.0,0.0,0.0,0.0
-0.3033077144502174,-1.5693245854952145,0.09476774951204131,1.4168470888034037,-1.5687648844049098,-0.6938564681795322,-1.4740020299617915,1.4718966668110014,-1.54609285540169,-1.0457642109946574,0.5080660691429335,0,0,0.0,0.0,1.0,1.0,0.0,0.0,0.0,1.0,0.0,0.0,1.0,0.0,0.0,1.0,0.0
0.6470312528856524,1.2219695721449706,0.4633628857922455,-1.3699121955925249,0.6901341763295067,1.496055972918659,0.09058113033284712,-1.4830897903468137,-1.091283742522495,1.1729486556659234,1.5241982074288005,1,1,1.0,0.0,0.0,1.0,0.0,0.0,0.0,0.0,0.0,1.0,1.0,0.0,0.0,0.0,1.0
-1.0976905004200428,-0.45148155472715346,0.7398092380023986,1.4168470888034037,1.0210556947810454,0.03611434551986492,1.5129294578734285,-0.8849463044127293,1.1804720340175732,-1.1554283217175956,0.0,0,0,1.0,0.0,0.0,1.0,1.0,0.0,0.0,0.0,0.0,1.0,1.0,0.0,0.0,1.0,0.0
-0.6507107556466205,-0.31929356450528285,-0.458124954908265,-0.44099243412721534,-1.007637092247953,0.766085159219262,1.4418120414963993,-0.8690074882428898,1.7825431283796789,-0.9627799774939803,-1.016132138285867,0,0,1.0,0.0,0.0,0.0,1.0,0.0,0.0,0.0,0.0,1.0,1.0,0.0,0.0,1.0,0.0
0.3377553405537699,1.1797670739474868,-1.4717615796788266,1.4168470888034037,-0.48967297641076185,0.0,-1.1895323644536755,-1.5288044169438255,0.5093495246258224,-1.0944839867918292,-0.5080660691429335,0,0,0.0,0.0,0.0,0.0,1.0,0.0,0.0,0.0,0.0,1.0,0.0,1.0,0.0,0.0,0.0
1.1558661801254513,-1.2882071181632153,0.8319580220724497,0.4879273273380942,-1.5543769922983213,-1.4238272818789293,-0.4783582006833849,-0.16454684390119506,-1.4351812561312758,1.4748149588194626,-1.016132138285867,0,0,1.0,0.0,0.0,1.0,0.0,0.0,1.0,0.0,0.0,1.0,0.0,0.0,1.0,0.0,0.0
-1.204365339689925,1.1420987284489061,-1.0110176593285713,-1.3699121955925249,0.013903247319840573,0.03611434551986492,0.44616821221799224,0.5793229612999928,-1.560189361889607,-0.32246292415972205,0.5080660691429335,0,0,1.0,0.0,0.0,0.0,0.0,0.0,0.0,1.0,0.0,1.0,0.0,0.0,0.0,1.0,0.0
0.9595520272485579,1.6310896579767757,0.6476604539323476,-1.3699121955925249,-0.4321214079844073,-0.6938564681795322,-1.1895323644536755,-1.6676998149952835,1.3786817952943775,0.4125275396521905,1.016132138285867,1,0,1.0,0.0,0.0,1.0,1.0,0.0,0.0,0.0,0.0,0.0,0.0,1.0,0.0,0.0,0.0
0.6675144444564853,0.3737342364732312,0.5555116698622966,0.4879273273380942,0.9491162342481022,-1.4238272818789293,1.655164290627486,0.992681270759565,1.7471945283541404,-0.6889320069417452,1.5241982074288005,0,0,0.0,0.0,0.0,0.0,0.0,0.0,0.0,1.0,0.0,1.0,1.0,0.0,0.0,0.0,0.0
1.1244315791999158,0.11772899947361903,-0.08952981862806078,0.4879273273380942,1.5821834869380023,0.03611434551986492,1.5129294578734285,-1.1002078986185828,-0.6588716171088744,-1.0374657876445899,1.5241982074288005,0,0,1.0,0.0,0.0,0.0,0.0,1.0,0.0,0.0,0.0,1.0,0.0,0.0,1.0,0.0,0.0
-0.013298170427534136,1.3384624184090992,0.7398092380023986,0.4879273273380942,0.05706692363960649,-0.6938564681795322,-1.1895323644536755,-0.8157613331260635,2.603187403912355e-16,0.7682889794018682,1.5241982074288005,0,1,0.0,0.0,0.0,1.0,0.0,0.0,1.0,0.0,1.0,0.0,1.0,0.0,0.0,1.0,0.0
1.0826539805504942,-1.0601043593107,-0.2738273867681629,1.4168470888034037,0.6181947157965635,-0.6938564681795322,-1.3317671972077336,0.1356633859351214,-1.3311390204285778,-0.5350988687103821,-0.5080660691429335,1,1,0.0,0.0,1.0,0.0,0.0,0.0,0.0,0.0,0.0,0.0,1.0,1.0,0.0,0.0,0.0
-1.6476946146784464,-0.3088301352001216,0.0026189654419902656,-1.3699121955925249,-1.525601208085144,0.0,-1.4740020299617915,1.0902408378650656,0.9560728241388514,-0.7356887148496537,0.0,0,0,1.0,0.0,0.0,1.0,0.0,0.0,1.0,0.0,0.0,0.0,1.0,0.0,0.0,0.0,1.0
1.8042301746992404,-0.5533255999640564,1.75344586277296,0.4879273273380942,1.4383045658721159,-0.6938564681795322,1.4418120414963993,-1.506384983210425,-0.10202383290089873,0.5378961934892352,0.0,0,0,0.0,0.0,0.0,1.0,0.0,0.0,1.0,0.0,1.0,0.0,0.0,0.0,0.0,1.0,0.0
-1.6537787309866145,-1.5013122950116664,0.27906531765214343,1.4168470888034037,1.5246319185116477,1.496055972918659,-1.0472975316996174,0.8520343544476852,-0.8152211941449097,0.5153209127627069,1.5241982074288005,0,0,1.0,0.0,0.0,1.0,0.0,1.0,0.0,0.0,0.0,1.0,0.0,0.0,0.0,0.0,0.0
-0.33798717740677603,-1.6983735469255368,1.1084043742826029,0.4879273273380942,0.0,0.03611434551986492,-0.265005951552298,0.1127184967235943,1.5147095051092532,1.4111937131356098,0.0,1,0,0.0,0.0,0.0,1.0,0.0,0.0,0.0,1.0,0.0,0.0,0.0,0.0,0.0,0.0,1.0
1.1477540250478937,-0.46054986012495985,1.2005531583526539,-0.44099243412721534,-0.8637581711820664,-0.6938564681795322,-0.1938885351752689,0.8476555587966303,-1.5173273954618793,0.2380821885835625,1.016132138285867,0,0,0.0,1.0,0.0,0.0,0.0,0.0,1.0,0.0,0.0,0.0,1.0,1.0,0.0,0.0,0.0
1.0283025415308584,1.634228686768324,-1.3796127956087754,-0.44099243412721534,0.37360054998455655,-1.4238272818789293,0.3750507958409635,-0.8413334997282235,-1.0188692015794893,1.210782327713544,1.5241982074288005,0,0,0.0,0.0,0.0,1.0,0.0,0.0,0.0,0.0,0.0,1.0,1.0,1.0,0.0,0.0,0.0
1.6075104140684693,0.574980860109166,1.2927019424227049,-1.3699121955925249,-0.00048464478674806644,-1.4238272818789293,-1.4740020299617915,1.3669807230117286,1.4821515840330994,0.38798919103639884,-1.5241982074288005,0,1,1.0,0.0,0.0,0.0,0.0,1.0,0.0,0.0,0.0,1.0,1.0,1.0,0.0,0.0,0.0
-0.294587147741843,-0.685513590185927,-0.8267200911884691,1.4168470888034037,1.5821834869380023,0.0,-0.9761801153225884,-1.6375737009160267,0.43614786910734915,-0.874620383194336,-0.5080660691429335,1,1,1.0,0.0,0.0,0.0,0.0,0.0,0.0,0.0,0.0,1.0,0.0,0.0,0.0,1.0,0.0
-0.9494408663776782,0.24712674188077993,-1.5639103637488776,-0.44099243412721534,1.481468242191882,0.03611434551986492,1.5840468742504568,-1.648958569608769,1.7833302429551463,1.6855770658394622,1.016132138285867,0,0,1.0,0.0,0.0,1.0,0.0,1.0,0.0,0.0,0.0,1.0,1.0,1.0,0.0,0.0,0.0
-0.9111109336362186,1.2906794245821962,1.2005531583526539,-0.44099243412721534,1.5821834869380023,-0.6938564681795322,-3.947809655681591e-16,-0.36527083654554665,-0.3008775970121766,0.9597773289636461,-0.5080660691429335,1,0,1.0,0.0,0.0,0.0,0.0,0.0,0.0,0.0,0.0,1.0,1.0,1.0,0.0,0.0,0.0
-1.287920536988768,-0.8239796379908942,-0.8267200911884691,1.4168470888034037,-1.0364128764611302,0.0,1.0151075432342247,0.13216034941427757,1.116357974052224,-0.4567546138570546,1.5241982074288005,0,0,1.0,0.0,0.0,0.0,0.0,0.0,0.0,0.0,0.0,1.0,1.0,0.0,1.0,0.0,0.0
1.6728132624428078,1.3332307037565185,-0.36597617083821393,0.4879273273380942,1.2224861842732864,-1.4238272818789293,-1.6873542790928788,0.0,-0.4966544586920817,-1.3417413104804063,1.016132138285867,0,1,1.0,0.0,0.0,0.0,0.0,0.0,1.0,0.0,0.0,1.0,0.0,0.0,1.0,0.0,0.0
-0.682753768202973,1.4106600806147118,-0.18167860269811184,1.4168470888034037,0.7620736368624499,1.496055972918659,-0.6205930334374431,0.0,-1.0402644068581046,1.398701462931207,1.5241982074288005,0,1,1.0,0.0,0.0,0.0,0.0,0.0,1.0,0.0,0.0,1.0,1.0,0.0,0.0,0.0,0.0
-0.10496552280393473,0.33641467195148933,0.9241068061425007,0.4879273273380942,0.6469705000097408,-1.4238272818789293,0.44616821221799224,1.1613524792381955,-1.080335694336448,0.8177225980678631,1.016132138285867,1,0,1.0,0.0,0.0,1.0,0.0,1.0,0.0,0.0,0.0,1.0,1.0,0.0,0.0,1.0,0.0
-0.8845436257572177,1.028744910976326,-0.9188688752585202,-0.44099243412721534,-0.2594667027053436,-1.4238272818789293,-0.7628278661915013,1.6116678239926703,0.053037738466189845,-0.5681141013934473,1.5241982074288005,0,1,0.0,0.0,0.0,0.0,0.0,0.0,0.0,1.0,0.0,1.0,0.0,0.0,0.0,1.0,0.0
0.46187131324040076,0.0,-0.18167860269811184,-0.44099243412721534,-0.41773351587781865,1.496055972918659,1.4418120414963993,-0.2304039304930591,-0.751679581143537,-1.6914350858450884,-1.5241982074288005,1,0,1.0,0.0,0.0,1.0,0.0,0.0,1.0,0.0,0.0,1.0,0.0,0.0,0.0,1.0,0.0
-0.24368337463016926,0.4483733655167148,-6.547564913010081e-16,-0.44099243412721534,1.236874076379875,0.03611434551986492,0.5172856285950214,-0.6146870368296276,0.5629448716281064,-1.5475957477772477,-0.5080660691429335,0,0,1.0,0.0,0.0,1.0,0.0,0.0,1.0,0.0,0.0,0.0,1.0,0.0,0.0,0.0,0.0
-1.558663712702252,-1.0928897711335386,-0.08952981862806078,-1.3699121955925249,0.8196252052888044,-0.6938564681795322,-1.4740020299617915,1.048379551440982,1.2642639583696085,-1.5618726051537084,0.0,1,1,1.0,0.0,0.0,1.0,1.0,0.0,0.0,0.0,0.0,1.0,1.0,0.0,0.0,1.0,0.0
-1.5799581197808408,0.5753296410860047,1.476999510562807,-1.3699121955925249,0.8052373131822158,0.03611434551986492,1.4418120414963993,0.3088885418908489,1.5242264358853597,-0.32157062057369323,-1.5241982074288005,0,0,1.0,0.0,0.0,0.0,0.0,0.0,1.0,0.0,1.0,0.0,0.0,1.0,0.0,0.0,0.0
0.4707946838257141,0.9593374965854229,-0.6424225230483671,-1.3699121955925249,-0.21630302638557766,0.766085159219262,1.655164290627486,-1.664547082126524,1.154282585415656,0.016077056379600076,-1.016132138285867,0,0,0.0,0.0,1.0,1.0,0.0,0.0,0.0,1.0,1.0,0.0,1.0,0.0,0.0,1.0,0.0
-0.8362763030457501,-1.4528317392310859,-1.5639103637488776,1.4168470888034037,1.2656498605930522,0.766085159219262,-1.4740020299617915,0.14704825462786386,1.7231517558671345,-0.07306407186467583,1.5241982074288005,0,1,1.0,0.0,0.0,0.0,1.0,0.0,0.0,0.0,0.0,0.0,0.0,0.0,1.0,0.0,0.0
0.10047480453521085,-0.6656330745061205,-0.9188688752585202,-0.44099243412721534,1.0210556947810454,0.766085159219262,0.1616985467098762,1.274325407035409,-1.341872401003134,-0.13320533356301614,0.5080660691429335,0,1,0.0,0.0,0.0,1.0,0.0,0.0,0.0,0.0,0.0,0.0,0.0,0.0,1.0,0.0,0.0
-0.7135799574976918,0.6736858765545206,1.661297078702909,-0.44099243412721534,-0.17313935006581174,1.496055972918659,-0.6917104498144723,-0.16682381763974355,1.3702382025757267,-1.3932272273942674,1.016132138285867,0,1,0.0,0.0,1.0,0.0,0.0,0.0,0.0,0.0,0.0,1.0,1.0,0.0,0.0,0.0,0.0
0.014485960713100557,-1.7416223880535366,-1.7482079318889796,1.4168470888034037,-0.14436356585263446,-1.4238272818789293,-0.3361233679293271,0.0,-0.26967923747546657,-1.026847374970847,0.0,0,1,0.0,0.0,0.0,1.0,1.0,0.0,0.0,0.0,0.0,1.0,0.0,0.0,0.0,1.0,0.0
-0.9171950499443868,-1.1765972055748286,0.6476604539323476,-1.3699121955925249,1.1217709395271658,0.03611434551986492,-1.1184149480766465,-0.7262587500185036,1.4795755726952058,-1.4368608727510752,-1.5241982074288005,0,1,0.0,1.0,0.0,1.0,0.0,0.0,0.0,0.0,1.0,0.0,0.0,1.0,0.0,0.0,0.0
-0.4160666700282677,-0.7120209444256688,-1.1031664433986224,1.4168470888034037,1.6397350553643568,-0.6938564681795322,0.30393337946393445,0.0,-1.1677054122133352,-0.24831249616072976,-1.5241982074288005,0,1,0.0,0.0,0.0,0.0,1.0,0.0,0.0,0.0,0.0,1.0,1.0,0.0,0.0,1.0,0.0
-0.8125482494438941,-1.7360418924241172,-6.547564913010081e-16,-1.3699121955925249,0.0,0.766085159219262,1.655164290627486,1.114061486206804,0.4665591140685917,-3.246181535464667e-16,1.016132138285867,0,0,0.0,0.0,1.0,0.0,0.0,1.0,0.0,0.0,1.0,0.0,1.0,0.0,0.0,1.0,0.0
-0.43026294141399346,1.3935698127496152,-1.0110176593285713,-0.44099243412721534,1.0642193711008112,0.03611434551986492,0.019463713955818012,-1.6212845810941028,-0.2867095346537624,-0.0051597689678850745,-1.5241982074288005,0,1,0.0,1.0,0.0,1.0,0.0,0.0,0.0,1.0,0.0,0.0,0.0,0.0,0.0,1.0,0.0
1.3213541437076257,1.233479344380648,-1.2874640115387244,0.4879273273380942,-0.6623276816898255,0.766085159219262,-3.947809655681591e-16,-0.9996707504703647,2.603187403912355e-16,-1.3734180877844284,-1.016132138285867,0,0,0.0,1.0,0.0,0.0,0.0,0.0,0.0,1.0,0.0,1.0,1.0,0.0,0.0,1.0,0.0
1.7206749774003973,-1.1117239438828288,0.4633628857922455,-1.3699121955925249,-0.8781460632886551,0.766085159219262,0.44616821221799224,1.2296616913946503,-0.21293543217131278,-0.7915469193350558,-1.5241982074288005,0,0,0.0,1.0,0.0,1.0,0.0,0.0,0.0,0.0,0.0,1.0,0.0,0.0,0.0,1.0,0.0
0.0,0.3514122539555538,-6.547564913010081e-16,-0.44099243412721534,-1.5543769922983213,-0.6938564681795322,-0.549475617060414,0.5353598529634027,0.7555017191356446,0.1770486232991934,0.5080660691429335,0,0,0.0,1.0,0.0,0.0,0.0,0.0,0.0,0.0,0.0,1.0,0.0,0.0,0.0,1.0,0.0
-0.36435168140883817,1.1947646559515512,0.7398092380023986,-0.44099243412721534,1.2080982921666976,1.496055972918659,1.2995772087423412,-0.3386477589871335,-1.0366866133332526,0.38218921772721176,0.5080660691429335,0,0,0.0,1.0,0.0,0.0,0.0,0.0,0.0,0.0,0.0,1.0,1.0,0.0,0.0,1.0,0.0
0.5401536097388314,0.0,1.2005531583526539,0.4879273273380942,1.7404503001104774,-1.4238272818789293,-0.1938885351752689,1.1683585522798832,1.6576065784918448,-0.03139349439713144,1.5241982074288005,0,1,1.0,0.0,0.0,0.0,0.0,0.0,1.0,0.0,0.0,1.0,0.0,0.0,0.0,0.0,0.0
0.5354891205692358,-1.5515367556764403,1.569148294632858,-0.44099243412721534,0.11461849206596106,1.496055972918659,-1.0472975316996174,-1.3333349790807398,0.12280471220080515,0.0954920755361622,1.5241982074288005,1,1,1.0,0.0,0.0,0.0,0.0,0.0,0.0,0.0,0.0,0.0,0.0,0.0,0.0,0.0,1.0
-1.4826122588501498,-1.1012605145776675,-1.0110176593285713,-0.44099243412721534,0.0,0.03611434551986492,-1.0472975316996174,1.606938724689531,-1.1231261048936785,-0.8970172032036585,0.0,0,1,1.0,0.0,0.0,1.0,1.0,0.0,0.0,0.0,0.0,0.0,1.0,0.0,1.0,0.0,0.0
1.0366175004853548,-1.0555702066117967,-0.18167860269811184,-1.3699121955925249,0.9203404500349249,1.496055972918659,0.9439901268571956,-0.1613941110324356,-1.497935754557181,0.16089792839207234,-1.016132138285867,0,0,1.0,0.0,0.0,0.0,0.0,0.0,0.0,0.0,0.0,1.0,1.0,0.0,0.0,1.0,0.0
1.768942300111865,0.6398541218011659,-6.547564913010081e-16,-1.3699121955925249,-1.2234554738467824,0.03611434551986492,-0.8339452825685303,1.203914372966448,-0.6694618859424365,-1.331836740675487,0.5080660691429335,0,0,1.0,0.0,0.0,1.0,1.0,0.0,0.0,0.0,0.0,1.0,0.0,1.0,0.0,0.0,0.0
-0.5150349619744701,-0.6760965038112817,-1.6560591478189286,0.4879273273380942,-1.2234554738467824,0.03611434551986492,0.9439901268571956,-0.12005828008647837,0.18369875799378732,1.5866205981488697,1.016132138285867,0,0,1.0,0.0,0.0,0.0,0.0,1.0,0.0,0.0,1.0,0.0,1.0,0.0,1.0,0.0,0.0
1.8397208531635547,1.586445692941421,1.661297078702909,0.4879273273380942,0.0,-1.4238272818789293,-1.0472975316996174,0.0,-1.2044135737783175,1.0051955814925113,-0.5080660691429335,0,0,0.0,1.0,0.0,1.0,0.0,0.0,1.0,0.0,0.0,0.0,1.0,0.0,0.0,1.0,0.0
1.0047772918059414,-1.5801367957772146,1.476999510562807,-0.44099243412721534,-1.5399891001917325,-0.6938564681795322,-0.6205930334374431,-0.7283605719310099,0.4626950970617515,-3.246181535464667e-16,-0.5080660691429335,0,0,1.0,0.0,0.0,0.0,0.0,0.0,1.0,0.0,0.0,0.0,0.0,0.0,1.0,0.0,0.0
0.14752530398504476,1.333928265710196,1.569148294632858,-1.3699121955925249,-0.7774308185425346,-1.4238272818789293,-0.1227711187982398,-1.5249510767708974,0.06069421660937327,1.2089084901828837,-0.5080660691429335,0,0,0.0,0.0,0.0,0.0,0.0,0.0,0.0,1.0,1.0,0.0,1.0,1.0,0.0,0.0,0.0
1.8042301746992404,0.10482410333058681,-0.458124954908265,0.4879273273380942,-1.5831527765114985,1.496055972918659,1.5840468742504568,-0.8294231755573545,0.783837843852473,-1.2898984721321338,1.5241982074288005,0,0,1.0,0.0,0.0,0.0,0.0,1.0,0.0,0.0,0.0,1.0,0.0,0.0,0.0,0.0,1.0
0.0,-0.40858149457599224,0.7398092380023986,0.4879273273380942,-1.4392738554456121,0.03611434551986492,1.5840468742504568,-1.4923728371270497,-0.09708647783660287,-1.2937353775520577,1.016132138285867,0,0,1.0,0.0,0.0,0.0,1.0,0.0,0.0,0.0,0.0,1.0,1.0,0.0,1.0,0.0,0.0
-0.2755235833095827,1.6820116805952272,-0.18167860269811184,0.0,0.6901341763295067,0.766085159219262,-1.0472975316996174,1.2631156901687088,0.9520656953910172,-1.0536164825517107,-1.5241982074288005,0,1,0.0,0.0,0.0,1.0,0.0,1.0,0.0,0.0,1.0,0.0,1.0,0.0,0.0,0.0,0.0
-0.9208455197292877,-0.5906451644857982,1.2927019424227049,0.4879273273380942,-1.798971158110328,0.766085159219262,-0.4783582006833849,-0.060331507406091035,-1.0847721583072645,-3.246181535464667e-16,1.016132138285867,0,0,0.0,1.0,0.0,0.0,0.0,0.0,1.0,0.0,0.0,0.0,1.0,0.0,0.0,0.0,0.0
-1.5268235040228386,1.4706504086309697,0.18691653358209237,-0.44099243412721534,-0.921309739608421,0.03611434551986492,-1.2606497808307044,1.6722703558032685,-1.501227324600045,-0.7403286934970034,-1.5241982074288005,0,0,1.0,0.0,0.0,1.0,1.0,0.0,0.0,0.0,0.0,1.0,0.0,0.0,0.0,1.0,0.0
-1.1583288596247858,1.1717451114801964,-0.8267200911884691,-1.3699121955925249,-0.9356976317150096,-1.4238272818789293,0.019463713955818012,0.0,-0.8120727358430399,1.4166367650103855,-0.5080660691429335,0,0,0.0,0.0,0.0,0.0,0.0,1.0,0.0,0.0,0.0,1.0,0.0,0.0,0.0,1.0,0.0
-1.428260819830514,-0.9251261212741198,-0.6424225230483671,0.0,-0.38895773166464137,-0.6938564681795322,-0.1227711187982398,1.707475872837749,-1.4934277347158675,-0.5452711295911103,0.0,1,0,0.0,0.0,0.0,1.0,0.0,0.0,1.0,0.0,0.0,0.0,1.0,1.0,0.0,0.0,0.0
-0.4592638958162618,-1.6129222076000531,-1.4717615796788266,1.4168470888034037,0.0,-1.4238272818789293,1.4418120414963993,1.3979825962211965,-1.0434844210304715,-0.6204923218933371,0.0,1,0,1.0,0.0,0.0,1.0,1.0,0.0,0.0,0.0,0.0,1.0,1.0,0.0,0.0,1.0,0.0
-0.7202724854366768,-1.700466232786569,0.18691653358209237,-1.3699121955925249,-1.5831527765114985,0.03611434551986492,1.5840468742504568,1.3617261682304629,-1.1626965012785424,-1.5306419796427009,-1.5241982074288005,0,0,1.0,0.0,0.0,0.0,1.0,0.0,0.0,0.0,1.0,0.0,0.0,0.0,0.0,1.0,0.0
1.3450821973094818,-1.4591097968141826,-1.1953152274686734,0.4879273273380942,-0.8349823869688892,0.03611434551986492,-3.947809655681591e-16,-0.29415919517241684,-1.6009762080729206,1.115216613649861,-0.5080660691429335,0,0,0.0,0.0,1.0,0.0,0.0,0.0,1.0,0.0,0.0,1.0,1.0,0.0,0.0,1.0,0.0
0.5803087773727413,-1.7653394944785687,0.37121410172219443,1.4168470888034037,0.5750310394767976,-0.6938564681795322,-3.947809655681591e-16,0.6698764553638058,0.24366257747030795,-1.6949150698306006,1.016132138285867,0,1,0.0,1.0,0.0,0.0,1.0,0.0,0.0,0.0,0.0,1.0,1.0,0.0,1.0,0.0,0.0
-0.8324230293839102,1.2272012867975512,-1.4717615796788266,0.4879273273380942,1.193710400060109,1.496055972918659,1.4418120414963993,-0.6999859761121748,-1.2421235175302583,0.9629003915147468,0.0,0,0,0.0,1.0,0.0,1.0,0.0,0.0,1.0,0.0,0.0,1.0,0.0,0.0,0.0,1.0,0.0
0.11811874182889857,-1.4608537016983763,0.7398092380023986,-1.3699121955925249,-0.14436356585263446,1.496055972918659,1.0862249596112539,-0.49295651773030436,-1.0227332185863296,1.5990236179946697,-1.5241982074288005,0,0,0.0,0.0,0.0,1.0,0.0,0.0,0.0,0.0,0.0,0.0,1.0,0.0,0.0,1.0,0.0
-1.0431362575234682,-1.5933904728970854,-0.458124954908265,-1.3699121955925249,1.7116745158973001,-0.6938564681795322,-1.7584716954699078,0.0,1.3768928985319515,-0.13168841746676718,1.016132138285867,0,1,1.0,0.0,0.0,0.0,0.0,0.0,0.0,0.0,1.0,0.0,0.0,1.0,0.0,0.0,0.0
0.8646398128411343,0.771344550069359,-1.7482079318889796,-1.3699121955925249,1.035443586887634,1.496055972918659,-0.6205930334374431,-0.8192643696469073,-1.0208012100829094,0.020092422516729623,-0.5080660691429335,0,1,1.0,0.0,0.0,1.0,1.0,0.0,0.0,0.0,0.0,0.0,0.0,1.0,0.0,0.0,0.0
0.0,-0.06224198457515461,-1.5639103637488776,-0.44099243412721534,-0.6623276816898255,0.766085159219262,-0.265005951552298,0.93873450833857,-1.2633756110678795,1.3907599610155505,-1.016132138285867,0,0,1.0,0.0,0.0,0.0,1.0,0.0,0.0,0.0,1.0,0.0,1.0,0.0,0.0,1.0,0.0
0.2631235138402402,0.971196049797939,-0.550273738978316,0.4879273273380942,-1.2666191501665485,1.496055972918659,-0.9761801153225884,0.0,1.1160001946997389,-0.5000313377794509,-0.5080660691429335,1,0,0.0,0.0,0.0,0.0,0.0,0.0,1.0,0.0,0.0,1.0,1.0,0.0,0.0,0.0,1.0
-0.47102652067872025,-0.339522861161928,1.661297078702909,-0.44099243412721534,-1.3097828264863143,1.496055972918659,-1.0472975316996174,-1.2345493491929438,-1.5173273954618793,-0.3807303483274019,1.5241982074288005,1,0,0.0,1.0,0.0,1.0,1.0,0.0,0.0,0.0,0.0,1.0,1.0,1.0,0.0,0.0,0.0
0.2708300611639199,0.7312347377329075,-1.7482079318889796,-1.3699121955925249,0.5894189315833862,1.496055972918659,-1.6162368627158499,-1.5312565425084164,2.603187403912355e-16,-1.3043537902258002,-0.5080660691429335,0,1,0.0,1.0,0.0,0.0,0.0,0.0,0.0,1.0,1.0,0.0,0.0,0.0,0.0,1.0,0.0
1.1824334880044522,-1.2285655711237962,1.661297078702909,1.4168470888034037,0.6613583921163294,0.766085159219262,0.5172856285950214,1.5440592191403844,-1.2940730795111104,-0.9493061933449455,1.016132138285867,0,0,1.0,0.0,0.0,0.0,0.0,0.0,0.0,0.0,1.0,0.0,1.0,0.0,0.0,1.0,0.0
-1.6931226831127688,-1.3311071783143766,1.661297078702909,0.4879273273380942,0.07145481574619514,1.496055972918659,-0.8339452825685303,1.4599863426401323,1.2800062498789575,0.8372640466018936,1.016132138285867,0,0,1.0,0.0,0.0,0.0,1.0,0.0,0.0,0.0,1.0,0.0,0.0,1.0,0.0,0.0,0.0
-1.549131930486122,-0.5037987012529597,0.09476774951204131,-0.44099243412721534,1.481468242191882,0.766085159219262,-1.5451194463388207,-1.4112775416695151,-0.7886024103200103,-1.2111080654857918,0.5080660691429335,1,1,1.0,0.0,0.0,0.0,1.0,0.0,0.0,0.0,0.0,0.0,0.0,0.0,1.0,0.0,0.0
-1.4848431014964782,1.345786818922712,0.8319580220724497,0.4879273273380942,0.37360054998455655,-0.6938564681795322,-0.9050626989455594,-1.6014924247513351,1.7489118692460695,-1.6206754114730055,0.5080660691429335,1,1,0.0,0.0,0.0,0.0,0.0,0.0,0.0,0.0,0.0,1.0,0.0,0.0,0.0,1.0,0.0
-1.6284282463692472,-0.5773914873659273,-1.3796127956087754,1.4168470888034037,1.0066678026744567,-1.4238272818789293,1.0862249596112539,-0.3032670901266108,-1.7711360681148849,1.6393557400831709,1.016132138285867,1,0,0.0,1.0,0.0,0.0,1.0,0.0,0.0,0.0,0.0,1.0,1.0,0.0,0.0,1.0,0.0
1.715604880476924,-0.10549082570315448,-0.9188688752585202,-0.44099243412721534,0.44554001051749975,-0.6938564681795322,1.2995772087423412,-0.2987131426495138,-0.5796592684686496,0.2162207507258572,1.016132138285867,0,0,1.0,0.0,0.0,1.0,0.0,0.0,0.0,1.0,1.0,0.0,0.0,0.0,0.0,1.0,0.0
-0.7754351399640682,-1.1005629526239902,0.7398092380023986,-1.3699121955925249,1.1073830474205772,-1.4238272818789293,-0.051653702421210694,1.1555724689788032,-1.046060432368365,-0.9630476685697889,-1.016132138285867,1,1,0.0,0.0,0.0,0.0,0.0,0.0,0.0,0.0,0.0,1.0,0.0,0.0,0.0,0.0,1.0
0.9279146224460835,-0.9509359135601841,0.09476774951204131,0.0,0.9922799105678681,-0.6938564681795322,-0.265005951552298,0.9312029798187558,-0.8826268241531227,0.23540527782547613,-1.016132138285867,0,1,1.0,0.0,0.0,0.0,0.0,1.0,0.0,0.0,0.0,1.0,1.0,0.0,0.0,1.0,0.0
1.5543757983104671,-0.10200301593476739,-1.1953152274686734,0.4879273273380942,1.280037752699641,-1.4238272818789293,1.7262817070045149,-0.3311162304673193,-0.19540424389953767,0.7330429877537311,-0.5080660691429335,1,0,0.0,0.0,1.0,0.0,0.0,0.0,1.0,0.0,0.0,0.0,1.0,0.0,1.0,0.0,0.0
-1.368433676133527,-1.6659369160795368,-1.5639103637488776,0.4879273273380942,-1.4104980712324349,-1.4238272818789293,-1.0472975316996174,-0.6994605206340483,-0.6671720980865312,-1.3917995416566213,1.5241982074288005,1,0,1.0,0.0,0.0,0.0,0.0,0.0,1.0,0.0,0.0,1.0,1.0,0.0,0.0,1.0,0.0
-1.0597661754324612,1.0102595192038744,0.0026189654419902656,0.4879273273380942,1.0642193711008112,0.03611434551986492,-0.9761801153225884,-0.05665331905920501,2.603187403912355e-16,-0.9868721743167574,0.0,0,1,0.0,1.0,0.0,1.0,0.0,0.0,0.0,0.0,1.0,0.0,1.0,1.0,0.0,0.0,0.0
0.835436054561927,-0.4943816148783146,-0.08952981862806078,0.4879273273380942,0.9922799105678681,-1.4238272818789293,-0.6917104498144723,-1.4097011752351354,-0.10023493613847269,-0.1883496951795952,1.5241982074288005,0,1,1.0,0.0,0.0,1.0,0.0,0.0,1.0,0.0,0.0,1.0,0.0,0.0,0.0,0.0,0.0
0.0,0.688683458558585,1.384850726492756,-1.3699121955925249,-1.0939644448874848,0.0,-1.1184149480766465,-1.1413685777384976,-1.2588675912265659,0.2569097942487699,-1.016132138285867,1,0,0.0,0.0,1.0,0.0,0.0,0.0,0.0,1.0,0.0,0.0,1.0,0.0,0.0,1.0,0.0
-0.799568801319802,-1.5421196693017953,-1.4717615796788266,-0.44099243412721534,0.3592126578779679,0.03611434551986492,-0.40724078430635624,0.0,1.495460975945549,1.292695796910987,-0.5080660691429335,0,0,1.0,0.0,0.0,1.0,1.0,0.0,0.0,0.0,0.0,0.0,0.0,1.0,0.0,0.0,0.0
0.4361152208691555,-0.15292503855321884,-1.3796127956087754,-1.3699121955925249,-1.6263164528312644,1.496055972918659,1.5129294578734285,0.6090987717271653,0.853032370623112,0.5527084330173131,1.5241982074288005,0,0,1.0,0.0,0.0,0.0,0.0,0.0,0.0,0.0,0.0,0.0,0.0,0.0,0.0,1.0,0.0
1.0120782313757433,1.1930207510673576,-1.7482079318889796,-1.3699121955925249,-0.8349823869688892,1.496055972918659,0.44616821221799224,-1.3881575006319458,-1.3413715099096546,-0.8678388759405171,-1.5241982074288005,0,0,1.0,0.0,0.0,0.0,0.0,1.0,0.0,0.0,0.0,1.0,0.0,0.0,0.0,1.0,0.0
0.5782807386033519,-0.7542234426231526,-1.4717615796788266,-1.3699121955925249,0.27288530523843607,0.03611434551986492,-0.265005951552298,-0.8945796548450498,0.43743587477629586,0.09558130589476507,0.5080660691429335,0,1,1.0,0.0,0.0,0.0,1.0,0.0,0.0,0.0,0.0,1.0,0.0,0.0,1.0,0.0,0.0
1.401056067344629,1.461930884210002,-0.7345713071184181,0.4879273273380942,0.6181947157965635,0.766085159219262,1.5840468742504568,-0.008136263245517927,0.1764000592030891,-1.1704190219628792,1.5241982074288005,0,0,1.0,0.0,0.0,0.0,0.0,0.0,1.0,0.0,0.0,1.0,1.0,0.0,0.0,1.0,0.0
-0.5399798388379596,1.3475307238069056,0.6476604539323476,0.4879273273380942,-1.007637092247953,-1.4238272818789293,-1.6162368627158499,1.051181980657657,1.3720986552086498,-0.4959267412837184,0.0,0,0,0.0,0.0,1.0,0.0,0.0,0.0,1.0,0.0,0.0,1.0,0.0,0.0,0.0,0.0,0.0
1.782124552112896,0.4023342765740053,0.27906531765214343,0.4879273273380942,1.2080982921666976,-1.4238272818789293,-0.9761801153225884,-0.15333712703449479,1.6139574974886495,-0.5166281844795862,-0.5080660691429335,0,0,1.0,0.0,0.0,1.0,0.0,1.0,0.0,0.0,0.0,0.0,1.0,0.0,0.0,1.0,0.0
-0.6505079517696816,0.3472268822334893,0.4633628857922455,-0.44099243412721534,-1.6550922370444416,0.03611434551986492,0.23281596308690533,-1.6421276483931235,-0.1104674256195496,0.6605879365681936,1.5241982074288005,0,0,0.0,0.0,0.0,0.0,0.0,0.0,0.0,1.0,0.0,1.0,1.0,0.0,0.0,1.0,0.0
0.14914773500055628,-1.6498929911449562,0.09476774951204131,1.4168470888034037,1.193710400060109,0.03611434551986492,0.44616821221799224,-0.44286309548223757,-0.782734828939253,0.8262887124937395,1.016132138285867,0,0,0.0,1.0,0.0,1.0,0.0,1.0,0.0,0.0,0.0,1.0,1.0,0.0,0.0,0.0,0.0
0.0,1.3991503083790344,0.37121410172219443,0.4879273273380942,-1.5831527765114985,0.766085159219262,-1.6162368627158499,1.4820554727214483,0.6790800494448045,-0.15158678743520917,-1.5241982074288005,0,0,1.0,0.0,0.0,0.0,0.0,0.0,0.0,0.0,0.0,1.0,0.0,1.0,0.0,0.0,0.0
-0.16215621610071562,0.6705468477629722,0.4633628857922455,-0.44099243412721534,-1.3961101791258461,1.496055972918659,-0.3361233679293271,0.02391652092020314,1.5200046395260343,1.5054209718202498,0.5080660691429335,0,0,1.0,0.0,0.0,0.0,0.0,1.0,0.0,0.0,0.0,0.0,0.0,0.0,0.0,1.0,0.0
-1.1199989268833261,-1.7175565006516658,1.1084043742826029,0.4879273273380942,-0.561612436943705,-0.6938564681795322,0.5172856285950214,0.06560265551824475,-1.2708174215995718,0.7820304546267116,-1.5241982074288005,0,0,1.0,0.0,0.0,0.0,0.0,0.0,1.0,0.0,0.0,1.0,1.0,1.0,0.0,0.0,0.0
-0.03864865504490156,-1.4392292811343763,1.1084043742826029,0.4879273273380942,1.0929951553139885,1.496055972918659,0.7306378777261087,0.5068101053185254,1.1928511996135613,-0.2636601178404249,-0.5080660691429335,0,0,0.0,0.0,0.0,0.0,0.0,0.0,0.0,1.0,1.0,0.0,1.0,0.0,0.0,1.0,0.0
-0.3525890565463797,0.0,-1.3796127956087754,0.0,-0.40334562377123,-1.4238272818789293,0.5172856285950214,-1.3357871046453305,1.0082370537311947,0.9737864952642981,-1.016132138285867,1,0,0.0,0.0,1.0,0.0,0.0,0.0,0.0,1.0,0.0,0.0,0.0,0.0,1.0,0.0,0.0
0.9066202153674948,1.2251086009365189,1.476999510562807,-1.3699121955925249,-1.4968254238719667,0.03611434551986492,-0.6205930334374431,-0.9683185736088125,1.1333882712305199,0.1657163677566278,0.5080660691429335,0,0,1.0,0.0,0.0,1.0,0.0,1.0,0.0,0.0,0.0,0.0,1.0,0.0,0.0,1.0,0.0
-1.5209421915916093,1.568309082145808,1.75344586277296,-1.3699121955925249,1.1793225079535203,0.766085159219262,-1.4028846135847628,-1.0609738895851317,-0.8782619160528031,0.47052727274406175,-1.5241982074288005,1,0,1.0,0.0,0.0,1.0,0.0,0.0,0.0,0.0,1.0,0.0,1.0,0.0,0.0,1.0,0.0
0.4304367123148652,-0.5683231819681208,-0.36597617083821393,-0.44099243412721534,0.028291139426429215,1.496055972918659,-0.265005951552298,0.2528399575573476,0.4340011929924379,-1.025419689233201,-1.016132138285867,0,1,1.0,0.0,0.0,1.0,0.0,0.0,1.0,0.0,0.0,1.0,0.0,0.0,1.0,0.0,0.0
0.4401712984079343,0.5554491254061984,1.2005531583526539,1.4168470888034037,-0.6911034659030028,0.766085159219262,-3.947809655681591e-16,0.019362573443106157,0.10777797939642647,0.21630998108446006,0.0,1,0,0.0,0.0,1.0,1.0,1.0,0.0,0.0,0.0,1.0,0.0,1.0,0.0,0.0,1.0,0.0
-1.6600656511717218,-1.4395780621112149,0.09476774951204131,1.4168470888034037,-1.3673343949126688,0.0,1.5840468742504568,-0.3020410273443155,-0.10867852885712356,-1.457562315946943,-0.5080660691429335,0,0,1.0,0.0,0.0,0.0,0.0,0.0,0.0,1.0,0.0,0.0,1.0,0.0,0.0,1.0,0.0
0.09824396188888251,0.42291235420748907,-1.0110176593285713,-0.44099243412721534,-1.6982559133642077,-1.4238272818789293,-0.051653702421210694,0.0,1.6400753902200695,0.5484253758043749,0.0,0,0,1.0,0.0,0.0,1.0,0.0,1.0,0.0,0.0,0.0,1.0,1.0,0.0,0.0,1.0,0.0
0.9747623180189784,-1.1755508626443125,-1.2874640115387244,0.4879273273380942,-1.6119285607246758,-0.6938564681795322,-0.6205930334374431,-0.35703870072156363,0.7488470231794198,1.4446550976116894,0.5080660691429335,0,0,0.0,0.0,0.0,0.0,0.0,0.0,0.0,0.0,1.0,0.0,1.0,0.0,1.0,0.0,0.0
-1.0411082187540788,-0.13234696091973505,1.384850726492756,0.0,0.41676422630432247,0.766085159219262,0.9439901268571956,0.5686386999114191,-1.5269158821084827,-3.246181535464667e-16,-1.5241982074288005,0,0,1.0,0.0,0.0,0.0,0.0,0.0,0.0,0.0,0.0,1.0,1.0,0.0,0.0,0.0,1.0
-0.27775442595591104,0.516385656000263,1.75344586277296,0.4879273273380942,0.3592126578779679,0.766085159219262,0.019463713955818012,1.3368546089324715,-0.4407693238338924,-3.246181535464667e-16,0.0,0,1,1.0,0.0,0.0,0.0,0.0,0.0,1.0,0.0,0.0,1.0,1.0,0.0,0.0,0.0,0.0
-1.686024547419906,1.5285480507861955,0.18691653358209237,-0.44099243412721534,0.877176773715159,-0.6938564681795322,-0.6205930334374431,0.41117720829948884,0.31929713258568065,0.32552794001438373,1.016132138285867,0,0,0.0,1.0,0.0,0.0,0.0,0.0,0.0,1.0,0.0,0.0,1.0,1.0,0.0,0.0,0.0
-0.7886173919650993,0.19132178558658655,-1.3796127956087754,-0.44099243412721534,0.517479471050443,0.766085159219262,1.1573423759882828,0.7478190179525811,-0.6331830596004365,-0.7777162137516096,0.5080660691429335,0,0,0.0,0.0,1.0,1.0,0.0,0.0,1.0,0.0,0.0,0.0,1.0,0.0,0.0,0.0,0.0
-0.8147790920902225,1.5871432548950983,-6.547564913010081e-16,-0.44099243412721534,1.2512619684864636,0.766085159219262,1.2995772087423412,-0.5353432596325147,-0.06603123004088693,-0.8315221199891455,1.016132138285867,1,0,1.0,0.0,0.0,1.0,1.0,0.0,0.0,0.0,0.0,1.0,0.0,1.0,0.0,0.0,0.0
-0.5699948126249227,1.7113092826496787,-0.2738273867681629,0.0,-1.4392738554456121,1.496055972918659,0.6595204613490796,1.6815534025835046,-0.41214697563507585,0.6730801867725966,0.5080660691429335,0,0,1.0,0.0,0.0,0.0,1.0,0.0,0.0,0.0,0.0,1.0,0.0,0.0,0.0,1.0,0.0
1.213665285053049,-1.286463213279022,-0.7345713071184181,-1.3699121955925249,1.2080982921666976,1.496055972918659,-1.6162368627158499,0.1083397010725395,-1.7565386705334884,1.5922421107408509,-1.5241982074288005,0,1,1.0,0.0,0.0,0.0,1.0,0.0,0.0,0.0,0.0,1.0,1.0,0.0,0.0,0.0,1.0
-0.3124338889124697,1.5271529268788406,0.27906531765214343,-0.44099243412721534,-0.2594667027053436,-0.6938564681795322,0.23281596308690533,1.4335384169077614,-1.6673085000236778,0.2797527660511069,0.0,0,1,1.0,0.0,0.0,1.0,0.0,0.0,0.0,0.0,0.0,0.0,0.0,0.0,0.0,1.0,0.0
-0.7164192117748369,-0.1222323125914125,-0.36597617083821393,1.4168470888034037,-0.7342671422227687,-1.4238272818789293,0.9439901268571956,-1.0951284956633591,-1.4416212844760095,1.5667222281804276,-1.5241982074288005,0,0,0.0,1.0,0.0,0.0,0.0,0.0,0.0,1.0,1.0,0.0,1.0,0.0,0.0,1.0,0.0
0.8849202005350283,-0.47729134701321785,-1.5639103637488776,-1.3699121955925249,0.30166108945161335,0.766085159219262,-1.2606497808307044,0.7310044426525307,-1.037616839649714,1.3797846269073966,-0.5080660691429335,1,1,1.0,0.0,0.0,1.0,0.0,0.0,1.0,0.0,0.0,0.0,1.0,0.0,1.0,0.0,0.0
-1.2317438630766817,-1.588158758244505,0.9241068061425007,-1.3699121955925249,-0.8925339553952437,-1.4238272818789293,-0.9761801153225884,-0.8006982760864351,-1.3862370407112996,-0.5118989754736337,1.016132138285867,1,0,1.0,0.0,0.0,0.0,0.0,0.0,1.0,0.0,0.0,1.0,1.0,0.0,0.0,0.0,0.0
1.7147936649691682,-0.7409697655032815,0.18691653358209237,-0.44099243412721534,1.236874076379875,-0.6938564681795322,1.3706946251193701,0.0,1.1851947214703777,0.8709038917951788,-1.016132138285867,1,0,1.0,0.0,0.0,0.0,1.0,0.0,0.0,0.0,0.0,1.0,1.0,0.0,0.0,1.0,0.0
-1.4747029076495313,0.9841009459409712,-6.547564913010081e-16,0.4879273273380942,0.718909960542684,-0.6938564681795322,-3.947809655681591e-16,-1.036452633939225,0.1876343308711246,-1.7370317990911595,0.0,1,1,0.0,1.0,0.0,0.0,0.0,0.0,0.0,1.0,0.0,1.0,0.0,0.0,0.0,1.0,0.0
0.77560891086494,0.0,0.8319580220724497,0.4879273273380942,0.0,1.496055972918659,0.9439901268571956,1.0581880536993447,1.7131339339975489,1.194631632806423,-0.5080660691429335,0,0,0.0,1.0,0.0,0.0,0.0,0.0,0.0,1.0,0.0,1.0,1.0,1.0,0.0,0.0,0.0
-0.6367172881378337,0.6321809403107143,1.569148294632858,0.4879273273380942,0.028291139426429215,0.766085159219262,-0.051653702421210694,1.254007795214515,-1.6416914983857371,-0.9783060598908812,-0.5080660691429335,0,1,0.0,0.0,0.0,1.0,0.0,1.0,0.0,0.0,1.0,0.0,1.0,1.0,0.0,0.0,0.0
1.5791178712970178,1.4120552045220667,0.27906531765214343,-0.44099243412721534,-1.683868021257619,0.03611434551986492,-0.1938885351752689,-1.0462611361975878,-1.3341443669894535,0.5831359853008947,1.016132138285867,0,0,1.0,0.0,0.0,1.0,0.0,0.0,0.0,1.0,0.0,1.0,0.0,1.0,0.0,0.0,0.0
0.0,-1.5895538821518596,-0.6424225230483671,0.4879273273380942,-1.1515160133138393,-0.6938564681795322,-3.947809655681591e-16,-0.44093642539577343,-1.3593320334044119,0.28751580724955733,0.5080660691429335,1,0,0.0,0.0,0.0,1.0,0.0,0.0,0.0,1.0,0.0,0.0,1.0,0.0,0.0,1.0,0.0
0.2602842595630951,0.486390491992134,1.1084043742826029,1.4168470888034037,-0.05803621321310263,0.766085159219262,1.1573423759882828,-0.6113591521348258,-0.2908597751425908,-1.6871520286321502,-0.5080660691429335,1,0,0.0,0.0,0.0,0.0,0.0,0.0,1.0,0.0,1.0,0.0,1.0,0.0,0.0,0.0,1.0
0.0,-1.772315114015343,0.27906531765214343,1.4168470888034037,-0.9788613080347756,-1.4238272818789293,-0.4783582006833849,0.39804082134632446,-0.5507506967878449,-1.0226535481165118,1.5241982074288005,0,0,1.0,0.0,0.0,0.0,0.0,0.0,0.0,1.0,1.0,0.0,1.0,0.0,0.0,1.0,0.0
-0.7561687716548691,-1.6422198096545046,-0.2738273867681629,1.4168470888034037,-0.44650930009099593,1.496055972918659,0.1616985467098762,-1.177975309381316,-1.0968651004212644,0.7755166384487014,0.0,0,0,1.0,0.0,0.0,1.0,0.0,0.0,0.0,1.0,0.0,1.0,1.0,1.0,0.0,0.0,0.0
-1.5894899019969708,-0.15152991464586402,0.09476774951204131,1.4168470888034037,0.9059525579283363,-1.4238272818789293,0.6595204613490796,-1.6727792179505072,-0.5585502866720224,1.715201544895618,-0.5080660691429335,1,0,1.0,0.0,0.0,1.0,0.0,0.0,1.0,0.0,0.0,1.0,1.0,1.0,0.0,0.0,0.0
0.0,-0.9477968847686358,-1.6560591478189286,-1.3699121955925249,-0.34579405534487545,-0.6938564681795322,0.7306378777261087,1.6605351834584416,0.5578644048228164,-0.7889592389355723,0.0,0,0,1.0,0.0,0.0,0.0,0.0,0.0,0.0,1.0,0.0,1.0,1.0,0.0,0.0,1.0,0.0
-0.08874121264881958,-1.240772905313151,1.569148294632858,1.4168470888034037,-0.04364832110651399,-0.6938564681795322,1.655164290627486,-1.7004532064651734,2.603187403912355e-16,-1.1188438746904152,-1.5241982074288005,1,0,1.0,0.0,0.0,0.0,0.0,0.0,1.0,0.0,0.0,0.0,1.0,0.0,0.0,1.0,0.0
0.9526566954326341,-1.1985704071156673,-1.2874640115387244,0.4879273273380942,-0.5903882211568823,-1.4238272818789293,0.1616985467098762,1.6769994551064078,-1.0470622145553237,0.7188553607358734,0.5080660691429335,0,0,1.0,0.0,0.0,1.0,0.0,0.0,0.0,0.0,1.0,0.0,1.0,0.0,0.0,0.0,1.0
1.1477540250478937,-1.7681297422932785,-0.18167860269811184,-0.44099243412721534,0.27288530523843607,-0.6938564681795322,-0.3361233679293271,-0.403979390100871,2.603187403912355e-16,0.5131793841562378,0.0,0,1,1.0,0.0,0.0,0.0,0.0,0.0,0.0,0.0,0.0,1.0,1.0,0.0,1.0,0.0,0.0
-0.9520773167778844,-0.16862018251096075,0.9241068061425007,0.4879273273380942,-0.21630302638557766,0.766085159219262,1.655164290627486,0.27280726572615743,2.603187403912355e-16,1.6254358041411219,-0.5080660691429335,0,0,0.0,0.0,0.0,0.0,0.0,0.0,1.0,0.0,0.0,1.0,0.0,0.0,0.0,1.0,0.0
-0.38179281482558697,-0.9781408297536034,0.18691653358209237,1.4168470888034037,0.675746284222918,-0.6938564681795322,0.5172856285950214,0.17086890296960192,2.603187403912355e-16,0.7027938961873552,0.5080660691429335,0,0,1.0,0.0,0.0,0.0,0.0,0.0,1.0,0.0,1.0,0.0,0.0,0.0,1.0,0.0,0.0
-0.38828253888763303,-0.672259913066056,1.2005531583526539,-1.3699121955925249,0.47431579473067703,1.496055972918659,-0.6917104498144723,-1.7002780546391312,0.0707835943494561,1.0670322200043063,1.5241982074288005,0,0,0.0,0.0,0.0,0.0,0.0,0.0,0.0,1.0,0.0,0.0,1.0,0.0,0.0,1.0,0.0
0.9976791561130786,1.1295426132827127,0.9241068061425007,1.4168470888034037,0.0,0.766085159219262,-1.3317671972077336,-1.4974522400822734,0.38734676542836693,-1.657795240651803,0.5080660691429335,0,0,0.0,1.0,0.0,1.0,0.0,0.0,1.0,0.0,1.0,0.0,0.0,0.0,0.0,0.0,0.0
0.30246746596639446,-0.442413249329347,-0.2738273867681629,-0.44099243412721534,1.3375893211259955,0.03611434551986492,1.228459792365312,0.2002944097446901,-1.257293362075631,0.7971996155892009,0.0,1,0,0.0,0.0,0.0,1.0,1.0,0.0,0.0,0.0,0.0,1.0,0.0,0.0,0.0,1.0,0.0
-0.3217628672516609,-0.6509842734788948,1.1084043742826029,0.0,-1.5687648844049098,-0.6938564681795322,-0.4783582006833849,-0.08642912948637758,-0.8678863148307321,-0.9287832108662833,0.0,0,0,0.0,1.0,0.0,0.0,1.0,0.0,0.0,0.0,0.0,1.0,0.0,0.0,1.0,0.0,0.0
-0.03053649996734398,1.0939669536451644,-0.550273738978316,-0.44099243412721534,0.5750310394767976,-0.6938564681795322,0.5884030449720504,0.7432650704754842,-0.6261705842917265,-0.12428229770272825,-1.016132138285867,1,0,1.0,0.0,0.0,0.0,0.0,1.0,0.0,0.0,0.0,1.0,1.0,0.0,0.0,1.0,0.0
-1.7174591483454416,-1.0356896909319904,-6.547564913010081e-16,-0.44099243412721534,0.718909960542684,1.496055972918659,-0.051653702421210694,0.34006556692635903,1.6986796481571464,-0.6434245240542771,-1.016132138285867,0,0,0.0,1.0,0.0,0.0,0.0,0.0,1.0,0.0,0.0,1.0,0.0,1.0,0.0,0.0,0.0
-1.7134030708066628,1.5212236502725824,1.476999510562807,-0.44099243412721534,1.351977213232584,0.0,-1.0472975316996174,0.8578143647070775,-1.3516755552612285,1.1665240698465162,0.5080660691429335,1,0,1.0,0.0,0.0,0.0,0.0,0.0,0.0,1.0,0.0,1.0,1.0,0.0,1.0,0.0,0.0
-0.13741414311416503,-0.25337395988276695,1.2927019424227049,0.0,-0.6479397895832368,-1.4238272818789293,0.3750507958409635,1.284309061119814,1.5790382326860932,1.6978908553266594,1.016132138285867,0,0,1.0,0.0,0.0,0.0,0.0,0.0,0.0,1.0,0.0,1.0,0.0,0.0,0.0,1.0,0.0
1.2787653295504486,0.1606290596247802,-1.0110176593285713,1.4168470888034037,0.6469705000097408,-1.4238272818789293,-1.5451194463388207,-0.35703870072156363,1.6711306380157855,-0.8719434724362496,1.016132138285867,0,1,0.0,0.0,1.0,1.0,0.0,0.0,0.0,0.0,0.0,1.0,1.0,1.0,0.0,0.0,0.0
0.0,-0.18396654549186392,0.7398092380023986,-0.44099243412721534,-0.7918187106491232,-1.4238272818789293,-0.265005951552298,0.5146919374904241,0.22255359567368077,-1.1257146123028368,-1.016132138285867,0,0,1.0,0.0,0.0,0.0,0.0,1.0,0.0,0.0,1.0,0.0,0.0,0.0,0.0,1.0,0.0
0.2043103895279478,0.6904273634427786,-0.8267200911884691,0.4879273273380942,-1.0508007685677188,1.496055972918659,0.1616985467098762,1.2590871981697385,-1.0186545339679982,0.7665936025884136,-0.5080660691429335,0,0,1.0,0.0,0.0,0.0,0.0,0.0,0.0,1.0,0.0,1.0,1.0,0.0,0.0,0.0,0.0
-0.5807434181026865,-0.5958768791383788,-0.550273738978316,-1.3699121955925249,1.3807529974457613,-1.4238272818789293,-0.1938885351752689,-0.00515868220280067,0.9714573362957154,0.4895333391264749,0.0,1,1,0.0,0.0,0.0,0.0,0.0,0.0,0.0,0.0,0.0,0.0,1.0,0.0,0.0,1.0,0.0
1.2682195279496238,0.46999778608071474,1.75344586277296,0.4879273273380942,0.5030915789438544,-1.4238272818789293,0.8728727104801665,0.0,-1.09987044698214,-0.018990474551331286,0.5080660691429335,0,0,0.0,0.0,0.0,0.0,0.0,0.0,0.0,1.0,0.0,1.0,1.0,1.0,0.0,0.0,0.0
1.8234965430084396,-0.5637890292692176,-0.08952981862806078,0.0,-0.8062066027557119,0.03611434551986492,1.1573423759882828,-1.6130524452701198,-1.7519590948216779,-3.246181535464667e-16,-1.5241982074288005,0,0,0.0,1.0,0.0,0.0,0.0,0.0,0.0,0.0,1.0,0.0,1.0,0.0,0.0,0.0,1.0
-1.0579409405400109,0.0,-0.458124954908265,0.4879273273380942,0.5318673631570316,-1.4238272818789293,1.0151075432342247,-1.6011421210992507,-0.023884822318129585,-0.047008807152635224,-1.016132138285867,1,0,1.0,0.0,0.0,0.0,1.0,0.0,0.0,0.0,0.0,1.0,1.0,0.0,0.0,1.0,0.0
0.41847128357546776,-1.553280660560634,0.7398092380023986,1.4168470888034037,0.27288530523843607,-0.6938564681795322,-1.6162368627158499,-0.5106468521605657,1.477715120062283,-1.2024527207013127,0.0,0,1,1.0,0.0,0.0,1.0,1.0,0.0,0.0,0.0,0.0,0.0,1.0,0.0,0.0,1.0,0.0
-0.8200519928906349,-1.678841812222569,0.37121410172219443,-0.44099243412721534,-1.281007042273137,1.496055972918659,-1.0472975316996174,0.795285162810015,0.12072959195639095,0.8248610267560934,1.5241982074288005,1,0,1.0,0.0,0.0,0.0,0.0,0.0,0.0,1.0,0.0,1.0,1.0,0.0,0.0,0.0,0.0
0.0,0.22375841643258645,-1.1031664433986224,1.4168470888034037,0.8627888816085704,0.766085159219262,0.1616985467098762,-0.40573090836129294,2.603187403912355e-16,-0.2833800270916611,0.5080660691429335,0,1,1.0,0.0,0.0,0.0,0.0,1.0,0.0,0.0,0.0,1.0,1.0,0.0,1.0,0.0,0.0
1.3367672383549851,0.28409752542568306,-1.0110176593285713,0.4879273273380942,0.14339427627913834,0.03611434551986492,1.5840468742504568,0.879358039310267,-1.431961241958909,1.5172886095144327,-1.016132138285867,1,0,0.0,0.0,1.0,1.0,0.0,0.0,1.0,0.0,0.0,0.0,0.0,0.0,0.0,0.0,1.0
-0.579120987087175,-0.5756475824817336,1.2005531583526539,-0.44099243412721534,1.0642193711008112,1.496055972918659,1.228459792365312,0.0,0.4961116885838698,0.40860140387366384,-0.5080660691429335,0,0,0.0,0.0,0.0,1.0,0.0,1.0,0.0,0.0,0.0,1.0,1.0,0.0,0.0,1.0,0.0
-1.3799934971190464,0.0,1.2005531583526539,-1.3699121955925249,1.596571379044591,1.496055972918659,1.228459792365312,-0.2992385981276404,-1.7512435361167074,-1.3616396804488484,1.5241982074288005,1,0,1.0,0.0,0.0,0.0,0.0,1.0,0.0,0.0,0.0,1.0,1.0,0.0,0.0,1.0,0.0
0.7068583965826395,0.4162855156475536,-0.08952981862806078,0.4879273273380942,0.0,-0.6938564681795322,-0.6917104498144723,-1.1513522318229026,-1.1414444077409212,-1.5723125571102452,0.5080660691429335,0,1,1.0,0.0,0.0,1.0,0.0,0.0,1.0,0.0,1.0,0.0,0.0,0.0,1.0,0.0,0.0
1.6726104585658688,0.28339996347200563,-1.5639103637488776,-0.44099243412721534,0.7476857447558612,-1.4238272818789293,-0.265005951552298,0.5817750868645835,1.379254242258354,1.0083186440436123,0.5080660691429335,0,1,0.0,0.0,0.0,0.0,1.0,0.0,0.0,0.0,1.0,0.0,1.0,0.0,1.0,0.0,0.0
-0.8737950202794539,0.7089127552152301,-0.9188688752585202,-1.3699121955925249,-1.324170718592903,-0.6938564681795322,-0.051653702421210694,-0.8252195317323419,-0.11998435639565609,0.9830664525589975,1.016132138285867,0,0,0.0,0.0,0.0,0.0,1.0,0.0,0.0,0.0,0.0,1.0,1.0,0.0,0.0,0.0,0.0
-0.786183745441832,0.0,-1.7482079318889796,-1.3699121955925249,-0.6479397895832368,-1.4238272818789293,-1.1895323644536755,1.5515907476601984,-0.2506453759232536,1.4109260220598012,0.0,0,0,1.0,0.0,0.0,0.0,0.0,0.0,1.0,0.0,0.0,1.0,1.0,0.0,0.0,1.0,0.0
0.7954836908049561,-1.5721148333099242,0.8319580220724497,1.4168470888034037,0.08584270785278378,-1.4238272818789293,-1.6162368627158499,0.6667237224950464,-1.047491549778306,-0.8327713450095858,0.5080660691429335,0,1,0.0,0.0,0.0,1.0,0.0,0.0,0.0,0.0,0.0,1.0,0.0,0.0,0.0,1.0,0.0
0.2357449904534834,0.6789175912071012,1.2927019424227049,0.4879273273380942,0.21533373681208154,1.496055972918659,1.5840468742504568,1.6451218227667288,-0.021022587498247935,0.7287599305407929,0.0,0,0,1.0,0.0,0.0,1.0,0.0,1.0,0.0,0.0,0.0,1.0,1.0,0.0,0.0,1.0,0.0
-1.1019493818357606,0.0,-0.6424225230483671,-1.3699121955925249,1.3375893211259955,-1.4238272818789293,-0.9050626989455594,-0.9947664993411833,-1.3667022880656072,-1.4748730055159016,-1.016132138285867,0,1,0.0,1.0,0.0,0.0,0.0,0.0,0.0,1.0,1.0,0.0,1.0,0.0,0.0,0.0,1.0
1.1311241071389007,1.5404066039987114,-1.7482079318889796,-0.44099243412721534,0.44554001051749975,0.0,-0.9050626989455594,-1.1340122010447258,0.16502267579405952,1.6484572366606647,-0.5080660691429335,1,1,0.0,0.0,0.0,0.0,1.0,0.0,0.0,0.0,0.0,0.0,0.0,0.0,0.0,1.0,0.0
-0.3272385719290123,-0.6593550169230238,-6.547564913010081e-16,-1.3699121955925249,-1.7701953738971508,0.03611434551986492,-1.4740020299617915,0.6733794918846497,1.3319558118598096,-1.5626756783811342,1.5241982074288005,0,0,0.0,1.0,0.0,1.0,0.0,0.0,0.0,1.0,0.0,1.0,1.0,1.0,0.0,0.0,0.0
1.1430895358782982,-0.6642379505987657,0.8319580220724497,-1.3699121955925249,0.5750310394767976,0.03611434551986492,1.5129294578734285,-1.2002195912886742,-0.16091431431996375,-1.0837763437594838,0.0,1,0,1.0,0.0,0.0,0.0,0.0,0.0,1.0,0.0,1.0,0.0,0.0,0.0,0.0,1.0,0.0
1.5779010480353841,0.3381585768356829,-0.6424225230483671,1.4168470888034037,1.2224861842732864,1.496055972918659,0.30393337946393445,0.5385125858321621,0.20559485436588196,-0.5788217444257928,-0.5080660691429335,0,1,0.0,1.0,0.0,0.0,0.0,0.0,0.0,1.0,0.0,0.0,1.0,0.0,0.0,1.0,0.0
0.30510391636660067,-0.8190967043151524,0.8319580220724497,1.4168470888034037,0.9347283421415136,-0.6938564681795322,-3.947809655681591e-16,-1.545794144069918,-0.07146947619866208,0.6196312019694722,0.5080660691429335,0,0,0.0,1.0,0.0,1.0,0.0,0.0,0.0,1.0,0.0,0.0,1.0,0.0,0.0,1.0,0.0
1.6835618679205715,0.3604805593533602,1.75344586277296,-0.44099243412721534,0.37360054998455655,0.766085159219262,1.5129294578734285,-0.9392433704858086,1.476713337875324,-1.7377456419599824,0.5080660691429335,1,0,0.0,0.0,1.0,1.0,0.0,1.0,0.0,0.0,0.0,1.0,0.0,0.0,0.0,0.0,0.0
-0.9105025220054018,0.0,0.37121410172219443,1.4168470888034037,0.41676422630432247,-1.4238272818789293,-0.549475617060414,-1.2874452006576855,0.8672719888520232,-3.246181535464667e-16,-1.016132138285867,0,0,1.0,0.0,0.0,1.0,0.0,0.0,1.0,0.0,0.0,1.0,1.0,0.0,0.0,1.0,0.0
0.2683964146406526,1.6617823839385821,0.5555116698622966,-1.3699121955925249,1.1073830474205772,0.766085159219262,0.44616821221799224,0.0,0.35772263504259183,-0.31095220789995065,1.016132138285867,0,0,1.0,0.0,0.0,1.0,0.0,0.0,0.0,1.0,0.0,0.0,0.0,0.0,0.0,1.0,0.0
1.7458226581408258,1.6352750296988403,-0.2738273867681629,-1.3699121955925249,0.9635041263546908,-0.6938564681795322,-3.947809655681591e-16,-1.1152709556582112,-0.000557608536094112,1.1647394626744587,1.016132138285867,0,1,0.0,0.0,0.0,0.0,1.0,0.0,0.0,0.0,0.0,1.0,0.0,0.0,0.0,1.0,0.0
-0.0863075661255523,-1.0042994030165067,-1.1953152274686734,1.4168470888034037,1.553407702724825,-0.6938564681795322,-1.1184149480766465,0.0,-1.587953039642459,-1.0390719340994417,1.016132138285867,0,1,1.0,0.0,0.0,1.0,0.0,0.0,1.0,0.0,0.0,1.0,1.0,0.0,1.0,0.0,0.0
-0.055278572953894586,-1.2878583371863768,-0.6424225230483671,-1.3699121955925249,1.1361588316337545,1.496055972918659,1.228459792365312,0.12235184715591484,2.603187403912355e-16,0.7215322714939597,0.0,0,0,0.0,1.0,0.0,1.0,1.0,0.0,0.0,0.0,0.0,1.0,0.0,0.0,0.0,0.0,1.0
-0.8101146029206269,-1.1650874333391512,-1.3796127956087754,-1.3699121955925249,0.33043687366479063,0.03611434551986492,0.9439901268571956,-0.09080792513743237,-0.5956162275894898,0.40574603239837176,1.016132138285867,0,0,0.0,1.0,0.0,0.0,0.0,0.0,0.0,0.0,0.0,1.0,1.0,0.0,0.0,0.0,0.0
0.2408150873769569,-1.1012605145776675,0.5555116698622966,-0.44099243412721534,0.4599279026240884,0.03611434551986492,-0.4783582006833849,0.1607100970591548,-1.1179025263473945,0.22068226865600113,-0.5080660691429335,0,1,0.0,0.0,0.0,0.0,0.0,0.0,0.0,1.0,0.0,1.0,0.0,0.0,1.0,0.0,0.0
1.2982345017365866,-1.556768470329021,-1.5639103637488776,1.4168470888034037,-1.4968254238719667,-0.6938564681795322,-0.40724078430635624,-0.8697080955470585,-1.1090295984057614,-0.12151615658603901,1.5241982074288005,0,0,0.0,1.0,0.0,0.0,0.0,0.0,1.0,0.0,0.0,0.0,1.0,1.0,0.0,0.0,0.0
0.5308246313996402,-1.328316930499667,-1.1953152274686734,-1.3699121955925249,-1.1371281212072506,1.496055972918659,0.1616985467098762,-0.8784656868491681,-0.7293541495484601,-1.5432234602057067,1.5241982074288005,0,0,0.0,1.0,0.0,0.0,1.0,0.0,0.0,0.0,0.0,1.0,1.0,0.0,0.0,0.0,0.0
-1.5414253831624423,-1.4392292811343763,1.75344586277296,1.4168470888034037,0.30166108945161335,1.496055972918659,-1.7584716954699078,0.148099165584117,-1.1710685381266963,0.6105297053919786,0.0,0,0,1.0,0.0,0.0,1.0,0.0,0.0,0.0,1.0,0.0,1.0,1.0,0.0,0.0,0.0,1.0
-0.37651991402517454,-1.0963775809019256,-1.7482079318889796,-0.44099243412721534,-0.029260428999925345,-1.4238272818789293,-0.9050626989455594,1.729369851093023,1.3105606065811943,0.5055055733163902,-1.016132138285867,1,0,1.0,0.0,0.0,1.0,0.0,1.0,0.0,0.0,0.0,0.0,1.0,1.0,0.0,0.0,0.0
0.6733957568877146,-0.39393269354876653,-0.2738273867681629,1.4168470888034037,0.5606431473702089,0.03611434551986492,-1.0472975316996174,0.8364458419299301,-0.8788343630167794,-0.948949271910534,0.0,0,1,1.0,0.0,0.0,0.0,1.0,0.0,0.0,0.0,0.0,1.0,1.0,0.0,0.0,1.0,0.0
-0.8476333201543307,-1.4350439094123117,0.4633628857922455,-1.3699121955925249,0.0,-0.6938564681795322,-0.8339452825685303,-1.3916605371527895,-0.055440961207324814,0.3218694953116657,1.5241982074288005,0,0,1.0,0.0,0.0,0.0,1.0,0.0,0.0,0.0,0.0,0.0,0.0,0.0,0.0,0.0,1.0
1.4051121448834079,1.54354563279026,-1.5639103637488776,1.4168470888034037,0.0,0.766085159219262,1.0862249596112539,0.683713449621139,2.603187403912355e-16,-0.06539026102482826,-0.5080660691429335,0,0,0.0,1.0,0.0,1.0,0.0,0.0,0.0,0.0,0.0,0.0,0.0,0.0,1.0,0.0,0.0
0.8514575608401033,1.4483284261132925,-0.458124954908265,-1.3699121955925249,1.150546723740343,0.03611434551986492,-0.7628278661915013,-1.0595726749767942,0.17876140292949147,0.4730257227849423,1.5241982074288005,0,1,0.0,0.0,0.0,0.0,0.0,1.0,0.0,0.0,0.0,1.0,1.0,0.0,0.0,1.0,0.0
-0.39984235987315253,-1.6746564405005044,0.8319580220724497,-1.3699121955925249,-0.561612436943705,-1.4238272818789293,-1.0472975316996174,0.9776182137199365,0.9454109994347923,1.2387114299562452,-1.5241982074288005,0,0,1.0,0.0,0.0,0.0,0.0,0.0,0.0,0.0,0.0,0.0,1.0,0.0,0.0,0.0,1.0
-0.3860516962413047,0.4114025819718117,1.1084043742826029,-1.3699121955925249,1.2944256448062295,1.496055972918659,0.019463713955818012,-0.4896286330355027,-0.2191607929045554,0.4417950972739348,-1.016132138285867,0,1,0.0,0.0,0.0,0.0,0.0,1.0,0.0,0.0,0.0,0.0,0.0,0.0,0.0,1.0,0.0
0.13555987524564736,-1.403653621496828,0.5555116698622966,-0.44099243412721534,-1.8133590502169168,-0.6938564681795322,1.2995772087423412,-0.25264821240041746,0.8616906309532539,-0.19539889350922265,-1.016132138285867,0,0,0.0,0.0,1.0,0.0,1.0,0.0,0.0,0.0,0.0,1.0,1.0,0.0,0.0,1.0,0.0
-0.16945715567051745,-0.2753471614236056,-6.547564913010081e-16,1.4168470888034037,0.11461849206596106,0.03611434551986492,-0.9050626989455594,-0.06768788409986308,-0.2519333815922003,1.5019409878347376,-1.5241982074288005,0,1,0.0,0.0,0.0,0.0,0.0,0.0,0.0,0.0,0.0,1.0,1.0,0.0,0.0,0.0,0.0
-0.3876741272568162,0.03332400307865155,0.4633628857922455,-0.44099243412721534,0.8340130973953931,0.766085159219262,-1.4740020299617915,-1.3729192917662751,-0.9978317756533591,1.2810066199340098,0.0,0,1,1.0,0.0,0.0,0.0,0.0,0.0,0.0,1.0,0.0,1.0,1.0,0.0,0.0,1.0,0.0
0.2750889425796376,0.6618273233420044,0.7398092380023986,1.4168470888034037,0.0,-1.4238272818789293,-0.4783582006833849,-1.2103783971991213,1.3850502677686143,-0.9954382887426338,1.5241982074288005,1,0,0.0,1.0,0.0,0.0,0.0,1.0,0.0,0.0,0.0,1.0,1.0,0.0,0.0,0.0,0.0
1.7973348428833165,1.4361210919239376,-1.0110176593285713,-0.44099243412721534,0.18655795259890426,-1.4238272818789293,-3.947809655681591e-16,-0.24809426492332046,1.3532079053974309,-1.677604380261642,1.5241982074288005,0,0,1.0,0.0,0.0,0.0,1.0,0.0,0.0,0.0,1.0,0.0,1.0,0.0,0.0,1.0,0.0
0.1414411876768766,-1.344012074457409,-1.7482079318889796,0.4879273273380942,-0.30263037902510953,0.03611434551986492,0.23281596308690533,-0.32113257638291437,-0.6881379681421643,1.0370508195137391,1.5241982074288005,0,1,1.0,0.0,0.0,0.0,0.0,0.0,1.0,0.0,0.0,0.0,0.0,0.0,0.0,1.0,0.0
-0.8549342597241325,1.4455381782985828,0.8319580220724497,-1.3699121955925249,0.08584270785278378,0.766085159219262,1.1573423759882828,1.170985829670516,0.671352015431124,1.6160666164878197,1.016132138285867,0,0,1.0,0.0,0.0,0.0,0.0,1.0,0.0,0.0,0.0,1.0,0.0,0.0,0.0,1.0,0.0
-0.8109258184283826,-0.17350311618670267,-6.547564913010081e-16,-1.3699121955925249,-0.27385459481193225,-1.4238272818789293,1.655164290627486,1.4585851280317947,0.4573284067744734,-0.8373220932983326,1.016132138285867,0,0,0.0,0.0,1.0,1.0,0.0,1.0,0.0,0.0,0.0,1.0,1.0,1.0,0.0,0.0,0.0
0.2976001729198599,1.1804646359011641,-0.36597617083821393,-0.44099243412721534,0.7332978526492726,-0.6938564681795322,1.0862249596112539,0.8748040918331701,0.030569195130118867,-1.5521464960659945,1.016132138285867,0,0,0.0,0.0,0.0,1.0,0.0,0.0,0.0,1.0,0.0,1.0,0.0,0.0,0.0,1.0,0.0
-0.8032192711047029,-0.8170040184541201,-1.1953152274686734,0.4879273273380942,-1.2234554738467824,-1.4238272818789293,0.3750507958409635,-0.05542725627690966,0.15851109157882878,0.09763360414263128,1.016132138285867,0,0,1.0,0.0,0.0,0.0,0.0,1.0,0.0,0.0,0.0,1.0,1.0,0.0,0.0,0.0,1.0
-0.3669881318090444,-0.9743042390083776,-0.550273738978316,-1.3699121955925249,-0.3601819474514641,0.766085159219262,0.019463713955818012,1.0303389133586363,1.7501998749150163,0.7635597703959157,1.016132138285867,0,1,1.0,0.0,0.0,0.0,0.0,1.0,0.0,0.0,0.0,0.0,1.0,1.0,0.0,0.0,0.0
1.5551870138182229,-1.3405242646890216,0.8319580220724497,1.4168470888034037,-0.04364832110651399,0.0,-1.6162368627158499,-0.3638696219372091,-0.009859871700709486,1.4064645041296573,-1.5241982074288005,1,1,0.0,0.0,0.0,1.0,0.0,0.0,0.0,1.0,1.0,0.0,1.0,0.0,0.0,1.0,0.0
0.0,0.10028995063168361,-0.08952981862806078,0.0,0.18655795259890426,1.496055972918659,1.7262817070045149,-1.196541402941788,1.2106686113673246,-0.1775528217886469,-1.016132138285867,1,0,1.0,0.0,0.0,0.0,0.0,0.0,0.0,1.0,1.0,0.0,1.0,0.0,0.0,1.0,0.0
-0.18487025031787682,-1.7290662728873432,-0.08952981862806078,-1.3699121955925249,-0.34579405534487545,0.03611434551986492,-0.40724078430635624,1.5114809794965367,1.5424731828621052,1.169022519887397,0.0,0,1,1.0,0.0,0.0,0.0,0.0,0.0,0.0,0.0,0.0,1.0,1.0,0.0,1.0,0.0,0.0
1.1226063443074652,0.8337763449234878,-1.6560591478189286,-1.3699121955925249,0.27288530523843607,0.766085159219262,-3.947809655681591e-16,0.445156662551674,1.098826785780449,0.7524952059291586,-0.5080660691429335,1,1,0.0,0.0,0.0,1.0,1.0,0.0,0.0,0.0,1.0,0.0,1.0,1.0,0.0,0.0,0.0
-0.665921046417041,1.5058772872916792,-0.458124954908265,-0.44099243412721534,0.9635041263546908,-1.4238272818789293,0.5884030449720504,-1.4696030997415648,1.383118259265194,1.209443872334501,1.016132138285867,1,0,1.0,0.0,0.0,1.0,1.0,0.0,0.0,0.0,1.0,0.0,1.0,0.0,0.0,1.0,0.0
-0.923279166252555,0.09052408328019976,-1.5639103637488776,-0.44099243412721534,-0.763042926435946,-1.4238272818789293,-0.7628278661915013,-1.627940350483706,1.312063279861632,-1.3893903219743438,-1.5241982074288005,0,0,1.0,0.0,0.0,1.0,0.0,0.0,0.0,0.0,1.0,0.0,1.0,0.0,0.0,1.0,0.0
-0.5239583325597834,0.7912250657491654,-0.8267200911884691,1.4168470888034037,1.150546723740343,1.496055972918659,0.30393337946393445,0.6071721016407012,-0.23518930789589265,0.2920665555383042,1.5241982074288005,0,1,0.0,1.0,0.0,0.0,1.0,0.0,0.0,0.0,0.0,1.0,0.0,1.0,0.0,0.0,0.0
-1.0210306349371239,0.5425442292631661,-6.547564913010081e-16,1.4168470888034037,1.3663651053391728,1.496055972918659,0.30393337946393445,0.4833397606288718,0.7491332466614079,1.0906782650340694,0.0,0,0,0.0,0.0,0.0,1.0,0.0,1.0,0.0,0.0,0.0,0.0,0.0,0.0,0.0,1.0,0.0
0.6413527443313621,0.5188271228381339,-0.18167860269811184,-1.3699121955925249,-0.27385459481193225,-0.6938564681795322,-0.1938885351752689,-1.647031899522305,-0.009287424736733154,0.15402719077965069,0.0,0,1,0.0,1.0,0.0,0.0,0.0,0.0,0.0,0.0,0.0,0.0,1.0,0.0,0.0,0.0,0.0
0.6857667933809899,-0.6394745012432174,-1.6560591478189286,-1.3699121955925249,0.0,1.496055972918659,1.228459792365312,0.7401123376067247,-1.3999042119762344,-1.7406902437938774,0.0,1,0,1.0,0.0,0.0,1.0,0.0,0.0,0.0,0.0,0.0,1.0,0.0,0.0,0.0,0.0,1.0
-0.5270003907138675,1.4047308040084538,1.1084043742826029,-0.44099243412721534,-1.5831527765114985,-0.6938564681795322,-0.8339452825685303,-0.5899906293576785,2.603187403912355e-16,0.574123719082004,-1.5241982074288005,0,0,1.0,0.0,0.0,0.0,1.0,0.0,0.0,0.0,1.0,0.0,0.0,0.0,0.0,1.0,0.0
1.681533829151182,0.8763276240978103,-1.1031664433986224,-1.3699121955925249,0.9922799105678681,-1.4238272818789293,-0.1938885351752689,-1.700102902813089,0.11536290166911285,-0.31389680973384565,-0.5080660691429335,0,1,1.0,0.0,0.0,0.0,0.0,0.0,1.0,0.0,0.0,1.0,1.0,0.0,1.0,0.0,0.0
-0.30472734158879,0.42256357323065036,0.18691653358209237,-1.3699121955925249,-0.8062066027557119,-0.6938564681795322,0.1616985467098762,0.7227723068285478,0.936323403881668,0.15786409619957448,1.016132138285867,0,0,0.0,1.0,0.0,1.0,1.0,0.0,0.0,0.0,0.0,1.0,1.0,0.0,0.0,0.0,1.0
1.283835426473922,0.5038295408340695,-1.2874640115387244,-0.44099243412721534,-0.9356976317150096,-0.6938564681795322,0.5884030449720504,-0.04281632480187187,0.17117648065680507,1.1022782116524434,0.0,0,0,0.0,0.0,0.0,0.0,0.0,0.0,1.0,0.0,1.0,0.0,1.0,0.0,0.0,0.0,1.0
-0.5302452527448905,0.23526818866826385,-0.7345713071184181,-1.3699121955925249,-1.2378433659533712,0.03611434551986492,1.0151075432342247,0.7373099083900496,1.0274140270244017,-0.4199024757540657,-1.5241982074288005,0,0,1.0,0.0,0.0,0.0,0.0,0.0,0.0,0.0,0.0,1.0,0.0,0.0,0.0,0.0,1.0
-0.5602602265318536,-1.0859141515967643,1.476999510562807,0.0,1.3807529974457613,1.496055972918659,-0.3361233679293271,1.369257696750277,0.32344737307450905,0.530668534442402,1.5241982074288005,0,1,0.0,0.0,0.0,1.0,0.0,0.0,1.0,0.0,1.0,0.0,1.0,0.0,1.0,0.0,0.0
0.564692878848443,-1.4619000446288923,-0.458124954908265,0.4879273273380942,1.668510839577534,-0.6938564681795322,0.5172856285950214,-1.406723594192418,0.7270940385483192,-0.8712296295674266,-1.016132138285867,0,0,1.0,0.0,0.0,0.0,0.0,1.0,0.0,0.0,0.0,0.0,1.0,1.0,0.0,0.0,0.0
0.7695247945567718,-0.21361292852315414,-6.547564913010081e-16,1.4168470888034037,1.7260624080038887,-1.4238272818789293,-1.1895323644536755,0.3870062563056664,0.8179699940795617,-1.1698836398112618,1.5241982074288005,1,1,1.0,0.0,0.0,0.0,0.0,0.0,0.0,1.0,0.0,1.0,1.0,1.0,0.0,0.0,0.0
0.2146533872518337,0.7298396138255526,-0.18167860269811184,-0.44099243412721534,1.4958561342984704,0.766085159219262,1.5840468742504568,-1.7270762840235865,0.4264878265902486,0.08755057362050599,-1.5241982074288005,1,0,1.0,0.0,0.0,0.0,0.0,0.0,1.0,0.0,0.0,1.0,0.0,1.0,0.0,0.0,0.0
-0.07718139166330003,1.560287119678518,-1.6560591478189286,0.4879273273380942,-0.11558778163945718,-0.6938564681795322,-0.40724078430635624,-1.3762471764610766,2.603187403912355e-16,-0.9829460385382308,-1.5241982074288005,1,1,1.0,0.0,0.0,1.0,0.0,0.0,0.0,1.0,0.0,0.0,0.0,0.0,1.0,0.0,0.0
-1.1329783750074183,1.1291938323058741,-0.6424225230483671,1.4168470888034037,0.5030915789438544,1.496055972918659,0.8017552941031377,0.6020926986854777,-0.47926638216130063,0.1362703494176778,-1.5241982074288005,1,0,0.0,1.0,0.0,0.0,0.0,1.0,0.0,0.0,0.0,0.0,1.0,0.0,0.0,1.0,0.0
-1.6602684550486606,1.43821377778497,-0.458124954908265,1.4168470888034037,1.0210556947810454,0.03611434551986492,-1.6873542790928788,0.9241969067770681,2.603187403912355e-16,-1.3119383707070449,0.0,1,1,0.0,1.0,0.0,0.0,0.0,0.0,0.0,1.0,1.0,0.0,1.0,0.0,0.0,1.0,0.0
-0.9459932004697162,1.712006844603356,0.0026189654419902656,1.4168470888034037,1.6541229474709456,-1.4238272818789293,-3.947809655681591e-16,1.4246056737796096,0.3532146152012782,-1.0429088395193653,-1.5241982074288005,0,1,1.0,0.0,0.0,1.0,0.0,1.0,0.0,0.0,1.0,0.0,0.0,0.0,0.0,1.0,0.0
1.6634842841036166,0.6032321192331014,0.8319580220724497,0.4879273273380942,0.0,0.03611434551986492,-0.051653702421210694,1.2610138682562027,1.6745653197996435,-3.246181535464667e-16,-1.016132138285867,0,1,0.0,1.0,0.0,0.0,0.0,0.0,0.0,1.0,0.0,1.0,1.0,0.0,1.0,0.0,0.0
0.2653543564865685,0.8498202698580685,0.8319580220724497,0.4879273273380942,-1.1802917975270166,0.766085159219262,1.3706946251193701,-1.2734330545743102,0.5127842064096804,1.3468586245829344,0.0,0,0,1.0,0.0,0.0,1.0,0.0,0.0,0.0,1.0,0.0,1.0,1.0,0.0,0.0,1.0,0.0
0.49918722659716563,-0.16408602981205753,-1.5639103637488776,1.4168470888034037,-0.9932492001413642,-0.6938564681795322,0.09058113033284712,-1.084093930622701,-0.7374399629146258,-3.246181535464667e-16,1.5241982074288005,0,0,0.0,0.0,0.0,0.0,1.0,0.0,0.0,0.0,1.0,0.0,1.0,1.0,0.0,0.0,0.0
0.819008940529873,1.613999390111679,-0.08952981862806078,-1.3699121955925249,0.7476857447558612,-0.6938564681795322,1.5129294578734285,0.31589461493253657,-1.6448399566876069,-3.246181535464667e-16,-1.016132138285867,0,0,0.0,0.0,1.0,0.0,0.0,0.0,1.0,0.0,0.0,0.0,0.0,0.0,0.0,1.0,0.0
-0.826541716952681,-1.3548242847394087,-1.5639103637488776,-1.3699121955925249,-0.014872536893336707,1.496055972918659,-0.051653702421210694,-0.8196146732989917,0.12022870086291165,-1.1316930463292298,0.5080660691429335,1,1,1.0,0.0,0.0,1.0,0.0,0.0,0.0,1.0,0.0,1.0,0.0,0.0,0.0,0.0,0.0
-1.0044007170281308,0.05425086168897407,-0.550273738978316,0.4879273273380942,0.5030915789438544,0.0,-3.947809655681591e-16,0.8320670462788753,1.3365353875716202,1.6339126882083954,1.5241982074288005,0,0,0.0,1.0,0.0,0.0,0.0,0.0,0.0,0.0,1.0,0.0,0.0,0.0,0.0,1.0,0.0
0.9863221390044979,0.3510634729787151,-1.4717615796788266,0.4879273273380942,-1.1946796896336052,-1.4238272818789293,-1.3317671972077336,-0.5409481180658648,-0.18917888316629505,1.0633737753015884,-1.5241982074288005,0,0,1.0,0.0,0.0,0.0,1.0,0.0,0.0,0.0,1.0,0.0,1.0,0.0,0.0,1.0,0.0
-0.37956197217925863,0.40965867708761816,-0.8267200911884691,0.4879273273380942,-1.6119285607246758,0.766085159219262,1.0862249596112539,-1.4794116019999275,-1.4993668719671218,1.3973630075521637,1.016132138285867,0,0,1.0,0.0,0.0,0.0,0.0,0.0,1.0,0.0,0.0,1.0,1.0,0.0,0.0,1.0,0.0
-0.5022583177273169,0.9146935315500683,1.0162555902125519,1.4168470888034037,-0.7054913580095914,0.03611434551986492,-0.9050626989455594,1.2864108830323204,-0.22831994432817668,0.9916325669848738,1.016132138285867,0,0,1.0,0.0,0.0,1.0,1.0,0.0,0.0,0.0,0.0,1.0,1.0,0.0,0.0,0.0,1.0
1.6334693103166535,-0.47554744212902433,1.1084043742826029,-1.3699121955925249,-0.8205944948623005,0.766085159219262,1.4418120414963993,-1.6233864030066092,1.0600435039710525,-1.5288573724706431,0.0,1,0,0.0,0.0,0.0,0.0,0.0,0.0,1.0,0.0,0.0,0.0,0.0,1.0,0.0,0.0,0.0
0.2651515526096296,-1.6673320399868916,0.6476604539323476,0.4879273273380942,0.7332978526492726,-0.6938564681795322,1.5129294578734285,-0.22952817136284814,0.6456634579226862,-1.6739459355589241,1.016132138285867,0,0,0.0,1.0,0.0,0.0,0.0,1.0,0.0,0.0,0.0,0.0,1.0,0.0,0.0,1.0,0.0
0.0,0.0,-6.547564913010081e-16,0.4879273273380942,0.0,0.03611434551986492,1.5840468742504568,0.05737051969426174,1.4093077078671112,0.3928076304009543,0.0,0,0,1.0,0.0,0.0,0.0,0.0,0.0,0.0,1.0,1.0,0.0,1.0,0.0,0.0,0.0,0.0
1.5067168872298164,-0.22407635782831542,-1.6560591478189286,-0.44099243412721534,1.6541229474709456,1.496055972918659,0.09058113033284712,-1.6633210193442287,-0.4362613039925788,0.6269480913749083,0.0,0,1,0.0,0.0,0.0,0.0,0.0,0.0,0.0,0.0,1.0,0.0,0.0,1.0,0.0,0.0,0.0
0.3316712242456017,-0.06049807969096107,-1.0110176593285713,1.4168470888034037,0.47431579473067703,0.766085159219262,0.6595204613490796,-0.13722315903861315,-0.0171585704914077,0.35104782257480704,1.5241982074288005,1,0,0.0,1.0,0.0,0.0,1.0,0.0,0.0,0.0,0.0,0.0,1.0,0.0,0.0,1.0,0.0
-0.7326435219299521,-0.7012087341436688,0.7398092380023986,-0.44099243412721534,0.9778920184612795,0.03611434551986492,1.0151075432342247,0.35758074953057817,-1.4628733780136307,0.16955327317655158,-1.5241982074288005,0,0,0.0,0.0,0.0,1.0,0.0,0.0,0.0,0.0,0.0,0.0,1.0,1.0,0.0,0.0,0.0
0.32457308855273886,-0.683072123348056,1.0162555902125519,-1.3699121955925249,-1.7845832660037395,0.03611434551986492,-1.2606497808307044,-0.22514937571179336,0.41976157476352666,-0.8035037873878416,-0.5080660691429335,0,0,0.0,1.0,0.0,1.0,1.0,0.0,0.0,0.0,1.0,0.0,0.0,0.0,0.0,1.0,0.0
0.3296431854762123,1.5473822235354857,1.2927019424227049,-0.44099243412721534,1.2512619684864636,0.03611434551986492,0.3750507958409635,1.5135828014090429,-0.8582262723136316,1.145465705216237,-0.5080660691429335,1,0,0.0,1.0,0.0,0.0,1.0,0.0,0.0,0.0,0.0,1.0,1.0,1.0,0.0,0.0,0.0
0.7182154136912201,1.0611815418223258,-0.458124954908265,-0.44099243412721534,-0.5903882211568823,-1.4238272818789293,-1.6162368627158499,0.0,2.603187403912355e-16,0.7718581937459834,-1.016132138285867,0,0,1.0,0.0,0.0,0.0,0.0,0.0,0.0,1.0,0.0,1.0,1.0,0.0,0.0,0.0,0.0
-0.896509054496615,-0.6248257002159916,0.4633628857922455,-0.44099243412721534,-0.763042926435946,0.766085159219262,0.019463713955818012,0.3532019538795234,0.33282119210962147,-0.9037094800988744,-1.5241982074288005,0,0,1.0,0.0,0.0,0.0,0.0,0.0,1.0,0.0,1.0,0.0,1.0,0.0,0.0,0.0,1.0
0.9563071652175349,-0.3660302154016698,1.476999510562807,1.4168470888034037,-1.0939644448874848,0.03611434551986492,-1.1895323644536755,-1.0390799113298579,-1.2557191329246962,-0.028181201487427802,1.016132138285867,0,0,0.0,0.0,1.0,0.0,0.0,0.0,0.0,1.0,0.0,1.0,1.0,0.0,1.0,0.0,0.0
1.080017530150288,0.0,-1.1031664433986224,-1.3699121955925249,-0.8637581711820664,0.0,-1.1184149480766465,0.3074873272825114,1.4874467184498805,1.6536325974596315,-1.5241982074288005,1,0,1.0,0.0,0.0,1.0,0.0,1.0,0.0,0.0,0.0,1.0,1.0,0.0,0.0,0.0,0.0
1.786180629651675,-1.5274708682745695,-1.0110176593285713,-0.44099243412721534,-0.7342671422227687,0.03611434551986492,-0.4783582006833849,-0.14650620581884932,-0.0012731672410645253,0.6349788236491674,0.5080660691429335,0,0,0.0,0.0,1.0,0.0,0.0,0.0,0.0,1.0,0.0,1.0,0.0,0.0,0.0,0.0,0.0
-1.7340890662544346,1.0639717896370355,1.569148294632858,1.4168470888034037,-0.48967297641076185,1.496055972918659,-0.1938885351752689,-1.6542131243900349,-1.6250189805599264,0.8388701930567454,-0.5080660691429335,0,0,0.0,1.0,0.0,0.0,0.0,0.0,0.0,1.0,0.0,1.0,1.0,0.0,0.0,0.0,1.0
1.6567917561646315,-1.572463614286763,1.75344586277296,-1.3699121955925249,0.7045220684360953,1.496055972918659,0.44616821221799224,-1.4848413086072356,1.4093077078671112,-1.0787794436777227,1.016132138285867,0,0,1.0,0.0,0.0,1.0,0.0,1.0,0.0,0.0,0.0,1.0,0.0,0.0,0.0,0.0,1.0
-1.7841816238583526,0.21678279689581229,1.1084043742826029,0.4879273273380942,0.25849741313184743,0.0,-1.4740020299617915,0.4411281705527036,1.157931934811005,0.9441620162081423,1.5241982074288005,0,0,1.0,0.0,0.0,0.0,0.0,0.0,0.0,1.0,0.0,1.0,1.0,0.0,0.0,0.0,1.0
0.8437510135164236,0.9645692112380035,-0.2738273867681629,-0.44099243412721534,-1.727031697577385,-0.6938564681795322,0.019463713955818012,1.2149489380071061,0.515646441229562,1.6124974021437044,1.5241982074288005,0,0,1.0,0.0,0.0,1.0,0.0,0.0,1.0,0.0,1.0,0.0,1.0,0.0,0.0,0.0,0.0
-0.02749444181325989,0.04378743238381281,1.384850726492756,-1.3699121955925249,-1.640704344937853,0.03611434551986492,-1.1184149480766465,1.378365591704471,-0.5899633138202236,-3.246181535464667e-16,-0.5080660691429335,0,0,0.0,0.0,1.0,0.0,0.0,0.0,0.0,0.0,0.0,0.0,1.0,0.0,0.0,1.0,0.0
-0.14248424003763852,0.6422955886390368,1.569148294632858,-0.44099243412721534,-0.10119988953286854,-0.6938564681795322,0.30393337946393445,-0.009887781505939844,-0.5069585040436556,-0.8026114838018128,-1.5241982074288005,0,1,1.0,0.0,0.0,1.0,0.0,1.0,0.0,0.0,0.0,0.0,0.0,0.0,0.0,1.0,0.0
-1.3643775985947482,-0.43753031565360506,-0.08952981862806078,0.0,-0.8781460632886551,0.766085159219262,-3.947809655681591e-16,1.4426463118619552,-0.5794446008571585,0.7733751098422323,1.016132138285867,0,0,1.0,0.0,0.0,1.0,1.0,0.0,0.0,0.0,0.0,1.0,1.0,0.0,0.0,1.0,0.0
0.5326498662920907,-0.6461013398031529,0.8319580220724497,-1.3699121955925249,-1.7701953738971508,-0.6938564681795322,0.23281596308690533,-1.2641500077940742,-0.19468868519456725,-1.6976812109472899,-1.016132138285867,0,0,1.0,0.0,0.0,1.0,0.0,0.0,1.0,0.0,0.0,1.0,0.0,0.0,0.0,0.0,1.0
1.397811205313606,0.0,-1.1953152274686734,1.4168470888034037,0.15778216838572698,0.766085159219262,0.8728727104801665,1.2438489893040678,-0.8916428638357499,-1.0602195290883238,1.5241982074288005,0,0,1.0,0.0,0.0,1.0,0.0,0.0,0.0,0.0,0.0,0.0,0.0,0.0,1.0,0.0,0.0
1.601223493883362,0.7085639742383915,0.7398092380023986,-1.3699121955925249,1.4958561342984704,0.766085159219262,-0.549475617060414,-0.9071905863200875,-0.8990131184969451,-1.3277321441797545,-1.5241982074288005,0,1,1.0,0.0,0.0,0.0,0.0,0.0,0.0,0.0,0.0,0.0,0.0,1.0,0.0,0.0,0.0
-0.4144442390127562,1.5543578430722598,-1.0110176593285713,1.4168470888034037,-0.561612436943705,0.766085159219262,0.9439901268571956,-0.4046799974050398,1.561292376802827,-1.2908800060767656,-1.016132138285867,0,0,1.0,0.0,0.0,0.0,0.0,0.0,1.0,0.0,0.0,1.0,0.0,1.0,0.0,0.0,0.0
-0.8581791217551555,-0.6659818554829592,0.7398092380023986,-1.3699121955925249,-1.5831527765114985,-0.6938564681795322,-0.1938885351752689,1.127022721333926,1.5643692792341999,1.1935608685031884,1.016132138285867,0,0,0.0,0.0,0.0,1.0,1.0,0.0,0.0,0.0,0.0,1.0,1.0,0.0,0.0,1.0,0.0
1.2536176488100201,-1.1912460066020545,-1.2874640115387244,1.4168470888034037,-1.079576552780896,0.03611434551986492,-0.051653702421210694,-0.21008631867216487,0.534608746911278,-3.246181535464667e-16,-0.5080660691429335,1,0,1.0,0.0,0.0,0.0,0.0,0.0,0.0,0.0,1.0,0.0,0.0,1.0,0.0,0.0,0.0
0.9674613784491766,1.6555043263554854,0.8319580220724497,0.4879273273380942,0.10023059995937242,-0.6938564681795322,0.5172856285950214,-0.9791779868234283,-0.957688932304519,-0.20360808650068749,0.5080660691429335,0,0,1.0,0.0,0.0,0.0,0.0,0.0,1.0,0.0,0.0,0.0,0.0,0.0,0.0,0.0,0.0
-0.7557631639009912,-0.3377789562777344,-0.2738273867681629,0.4879273273380942,1.2080982921666976,0.03611434551986492,-1.6873542790928788,-1.7048320021162282,1.2900956276190405,-0.9646538150246406,0.0,0,1,1.0,0.0,0.0,0.0,0.0,0.0,0.0,0.0,0.0,0.0,0.0,1.0,0.0,0.0,0.0
-0.7565743794087469,-0.53344508428425,-0.36597617083821393,0.4879273273380942,-0.8349823869688892,0.03611434551986492,0.5884030449720504,-1.007202278990179,-0.7012326924431228,-1.0084659210986542,-0.5080660691429335,0,0,1.0,0.0,0.0,0.0,0.0,1.0,0.0,0.0,0.0,0.0,1.0,0.0,0.0,1.0,0.0
1.7135768417075345,0.9342252662530359,0.27906531765214343,-1.3699121955925249,1.39514088955235,0.766085159219262,0.44616821221799224,-1.4112775416695151,0.4338580812514438,1.0549861215929177,-1.016132138285867,0,0,0.0,0.0,1.0,0.0,1.0,0.0,0.0,0.0,0.0,1.0,0.0,1.0,0.0,0.0,0.0
-0.6048770794584203,-1.4238829181534731,1.0162555902125519,0.4879273273380942,1.0786072632074,-0.6938564681795322,-0.6917104498144723,-1.2356002601491969,-0.20141493702128913,-0.34468128345183885,-1.5241982074288005,1,1,0.0,1.0,0.0,0.0,0.0,0.0,0.0,1.0,0.0,0.0,1.0,0.0,0.0,1.0,0.0
-1.4848431014964782,1.3810136975834217,-1.5639103637488776,-0.44099243412721534,0.14339427627913834,0.03611434551986492,-1.4740020299617915,1.212146508790431,1.3040490223659635,1.7303707058581073,0.0,0,0,1.0,0.0,0.0,0.0,1.0,0.0,0.0,0.0,0.0,1.0,1.0,0.0,0.0,0.0,1.0
-0.13802255474498185,-1.288555899140054,0.09476774951204131,0.0,1.3232014290194067,1.496055972918659,-1.4028846135847628,-0.17295413155122025,0.0075282048300715585,-3.246181535464667e-16,1.016132138285867,0,1,0.0,1.0,0.0,0.0,1.0,0.0,0.0,0.0,0.0,0.0,0.0,0.0,0.0,1.0,0.0
-0.2392216893375126,0.1281924287787803,0.5555116698622966,1.4168470888034037,1.1217709395271658,0.0,1.5129294578734285,-0.2731409760473539,-1.3687774083100215,1.5926882625338654,-0.5080660691429335,0,0,1.0,0.0,0.0,0.0,1.0,0.0,0.0,0.0,1.0,0.0,0.0,0.0,0.0,0.0,1.0
-0.3996395559962136,0.0,1.476999510562807,1.4168470888034037,1.2080982921666976,1.496055972918659,0.6595204613490796,0.6751310101450716,-1.416862953284033,-0.14105760512006946,1.5241982074288005,0,0,1.0,0.0,0.0,0.0,0.0,0.0,1.0,0.0,0.0,0.0,1.0,0.0,0.0,1.0,0.0
-1.4087916476443758,-1.295880299653667,-6.547564913010081e-16,1.4168470888034037,-1.525601208085144,-0.6938564681795322,-1.3317671972077336,1.2608387164301604,0.19779526448170445,-3.246181535464667e-16,1.5241982074288005,0,0,0.0,0.0,1.0,0.0,0.0,0.0,0.0,0.0,0.0,1.0,0.0,0.0,0.0,1.0,0.0
-1.1694830728564274,1.0835035243400033,-6.547564913010081e-16,-1.3699121955925249,-1.482437531765378,-0.6938564681795322,-0.4783582006833849,-0.052975130712318984,-1.7096695753579263,-1.5986355128980945,0.5080660691429335,0,0,0.0,0.0,0.0,1.0,1.0,0.0,0.0,0.0,0.0,1.0,1.0,0.0,0.0,0.0,0.0
0.9431249132165039,1.3708990492550992,-0.7345713071184181,-0.44099243412721534,1.481468242191882,-0.6938564681795322,0.3750507958409635,-0.8774147758929149,0.3054868495797517,-3.246181535464667e-16,1.016132138285867,1,0,0.0,0.0,1.0,0.0,1.0,0.0,0.0,0.0,0.0,0.0,1.0,0.0,1.0,0.0,0.0
-0.14207863228376064,-1.614317331507408,-0.6424225230483671,0.4879273273380942,-1.7701953738971508,0.03611434551986492,1.228459792365312,-0.0149671844611634,0.6378638680385087,-1.423119397526232,-1.016132138285867,1,0,1.0,0.0,0.0,0.0,0.0,0.0,0.0,1.0,1.0,0.0,1.0,1.0,0.0,0.0,0.0
-0.629213544691093,1.650970173656582,-0.8267200911884691,-0.44099243412721534,0.3592126578779679,-1.4238272818789293,-1.6162368627158499,-0.738519377841457,-0.21422343784025955,-1.0929670706955803,1.016132138285867,0,1,0.0,1.0,0.0,1.0,0.0,0.0,0.0,1.0,0.0,0.0,1.0,0.0,0.0,1.0,0.0
0.7948752791741392,0.0,-0.36597617083821393,-0.44099243412721534,0.8627888816085704,0.03611434551986492,-0.9050626989455594,0.4342972493370581,0.13225008710641462,-0.33682901189478553,0.0,0,1,1.0,0.0,0.0,0.0,0.0,1.0,0.0,0.0,0.0,0.0,0.0,0.0,0.0,1.0,0.0
0.2868515674420961,0.0,-1.1031664433986224,1.4168470888034037,1.4383045658721159,0.03611434551986492,1.3706946251193701,-1.0299720163756638,1.3944956426742237,0.05819378564015886,-1.5241982074288005,1,0,1.0,0.0,0.0,0.0,0.0,1.0,0.0,0.0,0.0,1.0,1.0,0.0,0.0,0.0,0.0
-1.5799581197808408,0.749720129505359,-1.6560591478189286,1.4168470888034037,-1.7845832660037395,0.766085159219262,-3.947809655681591e-16,-0.9064899790159188,1.3728857697841172,-0.6867904783352761,0.0,0,0,0.0,0.0,0.0,0.0,0.0,0.0,0.0,1.0,0.0,0.0,1.0,0.0,0.0,1.0,0.0
1.7902367071904537,-0.09642252030534805,0.9241068061425007,1.4168470888034037,-0.8493702790754778,0.766085159219262,-3.947809655681591e-16,1.7612474834327019,-0.5952584482370046,-3.246181535464667e-16,1.5241982074288005,0,0,1.0,0.0,0.0,1.0,0.0,0.0,0.0,0.0,0.0,0.0,1.0,0.0,0.0,1.0,0.0
-0.532070487637341,-1.0088335557154098,0.9241068061425007,-1.3699121955925249,1.754838192217066,0.03611434551986492,1.655164290627486,-0.5933185140524802,-1.44233684318098,1.3033142095847294,-1.016132138285867,1,0,0.0,0.0,0.0,0.0,0.0,1.0,0.0,0.0,1.0,0.0,1.0,0.0,0.0,0.0,0.0
1.5527533672949556,1.4040332420547763,-0.7345713071184181,0.0,-0.37456983955805273,1.496055972918659,0.44616821221799224,-0.4488182575676721,1.0669128675387685,-1.3429013051422438,-1.5241982074288005,0,0,0.0,0.0,0.0,0.0,0.0,0.0,0.0,0.0,0.0,1.0,0.0,0.0,0.0,1.0,0.0
1.2765344869041202,-0.7699185865808944,-0.9188688752585202,-0.44099243412721534,0.5894189315833862,0.766085159219262,-0.8339452825685303,1.4244305219535673,-1.6030513283173349,0.35399242440870204,1.5241982074288005,0,1,1.0,0.0,0.0,0.0,0.0,0.0,0.0,1.0,0.0,0.0,1.0,0.0,0.0,1.0,0.0
-0.8559482791088272,0.17771932748987693,-0.8267200911884691,-1.3699121955925249,0.7045220684360953,0.03611434551986492,-1.5451194463388207,1.3590988908398298,1.3973578774941053,-0.8960356692590269,0.0,0,1,0.0,1.0,0.0,0.0,0.0,1.0,0.0,0.0,0.0,1.0,1.0,0.0,0.0,1.0,0.0
-0.5201050588979436,-1.2704192883444412,-0.458124954908265,-1.3699121955925249,-1.0508007685677188,-1.4238272818789293,-1.6873542790928788,-0.4922559104261356,-0.187318430533372,-0.9817860438763933,-1.5241982074288005,0,0,0.0,1.0,0.0,0.0,1.0,0.0,0.0,0.0,0.0,0.0,0.0,0.0,0.0,0.0,1.0
0.0,1.3409038852469701,-0.36597617083821393,-1.3699121955925249,-1.324170718592903,1.496055972918659,-0.9050626989455594,-1.1830547123365394,2.603187403912355e-16,-3.246181535464667e-16,0.0,1,0,1.0,0.0,0.0,0.0,0.0,0.0,0.0,1.0,1.0,0.0,1.0,0.0,0.0,1.0,0.0
0.5318386507843349,0.34060004367355384,-0.2738273867681629,-0.44099243412721534,1.3807529974457613,-0.6938564681795322,1.3706946251193701,-0.7271345091487146,0.5951450133517749,-0.17425129852034038,0.0,0,0,0.0,0.0,0.0,0.0,0.0,1.0,0.0,0.0,0.0,1.0,0.0,0.0,0.0,0.0,1.0
-0.5444415241306163,0.6722907526471658,0.5555116698622966,-0.44099243412721534,0.0,0.03611434551986492,-0.265005951552298,1.0827093093452516,1.6782862250654897,0.024553940446873562,0.0,1,0,1.0,0.0,0.0,0.0,0.0,0.0,0.0,0.0,0.0,1.0,1.0,0.0,0.0,1.0,0.0
0.19112813752691674,0.7096103171689075,-1.6560591478189286,1.4168470888034037,-0.27385459481193225,0.03611434551986492,0.8017552941031377,1.3291479285866152,-1.7019415413442458,-1.4265101511531413,-1.5241982074288005,0,0,1.0,0.0,0.0,1.0,0.0,0.0,0.0,0.0,0.0,0.0,1.0,0.0,1.0,0.0,0.0
-0.2619357235546738,1.4197283860125183,-6.547564913010081e-16,1.4168470888034037,1.2944256448062295,1.496055972918659,1.5129294578734285,-0.350032627679876,-0.5180496639706971,-1.5838232733700166,1.016132138285867,0,0,0.0,1.0,0.0,0.0,0.0,1.0,0.0,0.0,0.0,0.0,0.0,0.0,0.0,1.0,0.0
-0.12058142132823306,-0.7301575552212816,0.5555116698622966,-0.44099243412721534,-1.2522312580599597,0.766085159219262,-0.3361233679293271,0.0,-1.4031957820190983,0.9254236409015377,0.0,0,0,0.0,0.0,1.0,1.0,0.0,0.0,0.0,0.0,0.0,1.0,0.0,1.0,0.0,0.0,0.0
1.574453382127422,1.4423991495070343,0.27906531765214343,1.4168470888034037,1.1217709395271658,0.766085159219262,-1.0472975316996174,1.226684110351933,-0.651286694836188,1.4101229488323754,1.016132138285867,0,0,1.0,0.0,0.0,0.0,0.0,1.0,0.0,0.0,0.0,1.0,1.0,0.0,1.0,0.0,0.0
-0.5032723371120116,0.3995440287592956,-0.18167860269811184,-1.3699121955925249,-0.8493702790754778,0.766085159219262,0.09058113033284712,1.4634893791609762,-1.5217638594326959,-1.2888277078288992,1.5241982074288005,0,0,0.0,0.0,0.0,0.0,0.0,1.0,0.0,0.0,0.0,0.0,0.0,0.0,0.0,1.0,0.0
1.1187530706456255,0.4842978061311018,1.1084043742826029,0.0,-1.1659039054204279,0.0,1.4418120414963993,1.4550820915109508,1.675423990245608,0.5635053064082615,1.5241982074288005,0,0,1.0,0.0,0.0,1.0,0.0,0.0,0.0,0.0,1.0,0.0,0.0,0.0,1.0,0.0,0.0
0.0,0.0,-6.547564913010081e-16,1.4168470888034037,-0.7054913580095914,1.496055972918659,1.0862249596112539,-1.6892434895984731,1.41732196536278,0.2035500398042484,-1.016132138285867,1,0,0.0,0.0,0.0,1.0,0.0,0.0,1.0,0.0,0.0,1.0,1.0,0.0,1.0,0.0,0.0
-0.18446464256399894,-1.3621486852530216,-1.5639103637488776,-0.44099243412721534,0.2009458447054929,1.496055972918659,-1.5451194463388207,-1.3191476811713223,-0.42338124730311133,0.013578606338719471,0.5080660691429335,1,1,0.0,0.0,0.0,1.0,1.0,0.0,0.0,0.0,1.0,0.0,1.0,0.0,0.0,1.0,0.0
0.678668657688127,-0.11246644523992866,1.661297078702909,1.4168470888034037,0.40237633419773383,0.766085159219262,0.7306378777261087,-1.4851916122593198,0.8432292163650172,0.541733098909159,1.016132138285867,0,0,1.0,0.0,0.0,0.0,0.0,0.0,0.0,1.0,0.0,1.0,1.0,1.0,0.0,0.0,0.0
1.394363539405644,-1.7688273042469558,-1.5639103637488776,1.4168470888034037,-1.7414195896839735,0.766085159219262,0.30393337946393445,-1.3438440886432712,0.32967273380775164,1.4963194752427562,1.5241982074288005,0,0,1.0,0.0,0.0,1.0,1.0,0.0,0.0,0.0,0.0,1.0,1.0,1.0,0.0,0.0,0.0
-0.4288433142754209,0.05913379536471599,0.9241068061425007,1.4168470888034037,-1.5831527765114985,-1.4238272818789293,1.4418120414963993,1.3027000028542441,0.6397958765419288,-0.9391339324642173,0.5080660691429335,1,0,0.0,0.0,0.0,0.0,0.0,0.0,0.0,1.0,0.0,1.0,1.0,0.0,1.0,0.0,0.0
1.4318822566393477,-0.23837637787870247,-1.7482079318889796,0.4879273273380942,0.0,-1.4238272818789293,-3.947809655681591e-16,-0.5931433622264379,0.9919223152578692,-0.51984047738929,0.0,0,1,1.0,0.0,0.0,1.0,0.0,0.0,0.0,1.0,1.0,0.0,1.0,0.0,0.0,1.0,0.0
-1.2940046532969363,1.099198668297745,0.9241068061425007,-1.3699121955925249,1.5102440264050592,0.03611434551986492,0.1616985467098762,1.129825150550601,-0.6329683919889454,-0.5437542134948614,0.0,0,1,0.0,0.0,0.0,1.0,1.0,0.0,0.0,0.0,0.0,1.0,1.0,0.0,0.0,0.0,1.0
1.384426149435636,1.4134503284294215,1.1084043742826029,-0.44099243412721534,1.6397350553643568,0.03611434551986492,1.3706946251193701,1.5691059302644177,1.6689839619008742,-1.104923938748366,0.0,1,0,1.0,0.0,0.0,0.0,0.0,1.0,0.0,0.0,0.0,0.0,0.0,1.0,0.0,0.0,0.0
-1.4381982098005222,0.12644852389458675,0.7398092380023986,0.4879273273380942,-0.40334562377123,1.496055972918659,-3.947809655681591e-16,1.3767892252700913,1.5173570723176437,-0.41240712563142384,0.0,0,0,0.0,0.0,0.0,1.0,0.0,0.0,0.0,0.0,0.0,1.0,1.0,0.0,0.0,0.0,0.0
0.26657117974820216,0.5188271228381339,0.09476774951204131,-0.44099243412721534,-0.6623276816898255,1.496055972918659,-0.051653702421210694,1.5342507168820216,0.5776138250799998,0.33516481874349463,0.0,0,0,0.0,0.0,0.0,0.0,0.0,0.0,1.0,0.0,1.0,0.0,1.0,0.0,0.0,1.0,0.0
0.3450562801235717,1.4347259680165827,-0.6424225230483671,-0.44099243412721534,1.5246319185116477,-0.6938564681795322,-1.4740020299617915,-0.4523212940885159,1.680790680532886,0.8032672799741967,0.0,0,0,0.0,0.0,1.0,0.0,0.0,0.0,1.0,0.0,1.0,0.0,0.0,1.0,0.0,0.0,0.0
1.705059078876099,1.0915254868072934,0.6476604539323476,-0.44099243412721534,-1.798971158110328,-0.6938564681795322,-0.7628278661915013,1.3540194878846064,-1.6584355720820447,0.08639057895866856,-1.016132138285867,0,0,1.0,0.0,0.0,0.0,0.0,0.0,1.0,0.0,0.0,0.0,1.0,0.0,0.0,0.0,0.0
1.100095113967243,-1.631058818395666,1.476999510562807,0.4879273273380942,1.754838192217066,-1.4238272818789293,-0.6205930334374431,1.324418829283476,0.03407543278447389,-1.4493531229554781,-0.5080660691429335,0,1,0.0,1.0,0.0,0.0,1.0,0.0,0.0,0.0,1.0,0.0,1.0,1.0,0.0,0.0,0.0
-1.0222474581987575,1.43821377778497,-6.547564913010081e-16,-1.3699121955925249,-0.71987925011618,0.03611434551986492,1.5840468742504568,-0.4034539346227444,-1.3290639001841635,1.3792492447557794,-1.5241982074288005,0,0,0.0,1.0,0.0,1.0,1.0,0.0,0.0,0.0,0.0,0.0,1.0,0.0,0.0,0.0,1.0
1.8234965430084396,-0.2272153866198638,0.18691653358209237,-0.44099243412721534,0.7620736368624499,-1.4238272818789293,-0.7628278661915013,-1.6254882249191154,-1.2826956961020808,0.9339005249688113,0.0,1,1,1.0,0.0,0.0,1.0,0.0,1.0,0.0,0.0,1.0,0.0,0.0,0.0,0.0,0.0,0.0
-1.4698356146029967,0.05599476657316761,-0.9188688752585202,-1.3699121955925249,-0.8781460632886551,-1.4238272818789293,-0.1227711187982398,-0.18101111554916105,0.6324971777512306,-1.0212258623788657,0.0,0,0,1.0,0.0,0.0,0.0,0.0,0.0,1.0,0.0,0.0,1.0,1.0,1.0,0.0,0.0,0.0
-0.6551724409392772,0.5090612554866502,1.75344586277296,-1.3699121955925249,-1.079576552780896,0.03611434551986492,0.6595204613490796,-0.5286874902429114,0.9665915371019166,0.5884898068170675,0.5080660691429335,0,0,1.0,0.0,0.0,1.0,0.0,1.0,0.0,0.0,0.0,1.0,1.0,0.0,0.0,1.0,0.0
-0.42296200184419164,0.6464809603611013,-0.458124954908265,1.4168470888034037,-0.5040608685173504,-0.6938564681795322,-1.1895323644536755,0.35250134657535465,0.5404763282920354,0.39816145191712704,-1.016132138285867,0,0,0.0,0.0,0.0,1.0,0.0,0.0,1.0,0.0,0.0,0.0,0.0,0.0,0.0,0.0,0.0
0.5598255858019084,1.3335794847333573,-0.458124954908265,0.4879273273380942,0.6325826079031521,0.03611434551986492,-0.051653702421210694,1.5715580558290083,-1.5022291067870035,-0.22538029399978993,1.5241982074288005,1,1,0.0,1.0,0.0,0.0,1.0,0.0,0.0,0.0,0.0,1.0,0.0,0.0,0.0,0.0,0.0
0.3521544158164346,-0.32661796501889573,-1.4717615796788266,0.4879273273380942,1.3088135369128182,0.766085159219262,0.8728727104801665,-1.045735680719461,1.3286642418169456,-0.46835456047542884,1.5241982074288005,1,0,1.0,0.0,0.0,1.0,0.0,0.0,0.0,0.0,0.0,1.0,1.0,0.0,0.0,1.0,0.0
1.0272885221461636,-1.7238345582347625,1.1084043742826029,1.4168470888034037,-1.5112133159785552,0.766085159219262,1.2995772087423412,-1.144346158781215,0.7207255660740826,-1.664576747905622,0.5080660691429335,1,0,0.0,1.0,0.0,0.0,0.0,0.0,0.0,0.0,0.0,0.0,1.0,0.0,0.0,1.0,0.0
0.8504435414554086,-0.0699151660656062,0.27906531765214343,1.4168470888034037,-0.2306909184921663,0.766085159219262,0.44616821221799224,0.0,1.410381045924567,0.6134743072258736,1.016132138285867,0,0,1.0,0.0,0.0,0.0,0.0,0.0,0.0,0.0,0.0,1.0,0.0,0.0,0.0,0.0,0.0
-1.2700737958181414,0.32420733776213456,-1.2874640115387244,-1.3699121955925249,-0.2882424869185209,1.496055972918659,0.5884030449720504,0.8068451833287997,-1.0975091032557378,-0.31059528646553913,0.0,1,0,1.0,0.0,0.0,0.0,0.0,0.0,0.0,0.0,0.0,0.0,0.0,0.0,1.0,0.0,0.0
1.7429834038636807,-1.4367878142965054,0.37121410172219443,-0.44099243412721534,0.8052373131822158,-0.6938564681795322,-1.3317671972077336,-0.9073657381461298,-1.7347856859023878,1.0972813115706823,0.0,0,1,0.0,0.0,1.0,0.0,0.0,0.0,0.0,1.0,0.0,1.0,1.0,0.0,0.0,1.0,0.0
-0.9184118732060205,0.7214688703814236,0.0026189654419902656,0.4879273273380942,-0.8637581711820664,-0.6938564681795322,1.5840468742504568,1.4608621017703431,-1.1802992454208145,0.15375949970384203,0.5080660691429335,0,0,0.0,0.0,1.0,0.0,0.0,0.0,1.0,0.0,1.0,0.0,1.0,0.0,0.0,1.0,0.0
0.3923095834503446,1.214296390654519,1.569148294632858,0.0,1.4383045658721159,1.496055972918659,-1.2606497808307044,0.6173309075511484,-0.24685291478691038,0.09263670406087007,0.0,0,1,0.0,1.0,0.0,1.0,0.0,0.0,0.0,0.0,1.0,0.0,0.0,1.0,0.0,0.0,0.0
0.052410285700682215,-0.5135645686044435,0.0026189654419902656,-0.44099243412721534,0.877176773715159,-1.4238272818789293,1.0151075432342247,-1.0252429170725248,-0.6835583924303537,-3.246181535464667e-16,0.0,0,0,1.0,0.0,0.0,0.0,0.0,0.0,0.0,1.0,1.0,0.0,0.0,0.0,0.0,1.0,0.0
-0.7119575264821802,1.6746872800816144,-0.7345713071184181,1.4168470888034037,0.8484009895019817,0.766085159219262,-0.8339452825685303,-0.40870848940401017,1.5184304103750994,1.337489436929632,-0.5080660691429335,1,1,0.0,0.0,0.0,0.0,0.0,0.0,0.0,1.0,0.0,1.0,0.0,0.0,0.0,0.0,0.0
1.5284169020622829,0.6318321593338755,1.2005531583526539,-0.44099243412721534,0.18655795259890426,0.0,-3.947809655681591e-16,-1.0371532412433937,0.7879165284708043,1.3831753805343059,-1.5241982074288005,0,0,1.0,0.0,0.0,0.0,0.0,0.0,0.0,1.0,0.0,0.0,1.0,0.0,0.0,0.0,0.0
-0.03925706667571838,0.7772738266756171,0.7398092380023986,-1.3699121955925249,1.280037752699641,-1.4238272818789293,0.8017552941031377,-1.5983396918825756,1.561435488543821,0.3991429858617587,-1.5241982074288005,0,0,1.0,0.0,0.0,1.0,0.0,1.0,0.0,0.0,1.0,0.0,1.0,0.0,0.0,1.0,0.0
1.0526390067635312,-1.7360418924241172,-1.1031664433986224,1.4168470888034037,-0.8349823869688892,0.0,0.9439901268571956,0.4593439604610915,-0.599337132855336,0.8115657033242645,-1.5241982074288005,0,0,1.0,0.0,0.0,0.0,0.0,1.0,0.0,0.0,1.0,0.0,0.0,0.0,1.0,0.0,0.0
-0.003157976580587168,0.15923393571742536,-1.7482079318889796,-0.44099243412721534,-0.6191640053700596,0.03611434551986492,-3.947809655681591e-16,0.5870296416458493,0.6063077291493134,-0.6838458765013811,-0.5080660691429335,0,0,0.0,1.0,0.0,0.0,0.0,0.0,0.0,1.0,0.0,0.0,1.0,1.0,0.0,0.0,0.0
-1.7716077834881383,1.6708506893363886,1.569148294632858,1.4168470888034037,-0.34579405534487545,-0.6938564681795322,-0.1938885351752689,1.0890147750827703,-1.3377937163848026,0.36202315668296114,0.0,0,0,0.0,1.0,0.0,0.0,0.0,0.0,0.0,0.0,0.0,1.0,1.0,0.0,0.0,0.0,0.0
1.0270857182692248,0.5945125948121337,0.18691653358209237,-1.3699121955925249,-1.2666191501665485,1.496055972918659,0.44616821221799224,-1.5795984464960613,-0.810498506692105,-3.246181535464667e-16,0.5080660691429335,0,0,1.0,0.0,0.0,0.0,0.0,0.0,1.0,0.0,0.0,0.0,1.0,0.0,0.0,1.0,0.0
1.106584838029289,-1.0273189474878615,-1.2874640115387244,-1.3699121955925249,-1.640704344937853,-0.6938564681795322,0.9439901268571956,0.5234495287925337,2.603187403912355e-16,1.6359649864562615,1.5241982074288005,0,0,0.0,1.0,0.0,1.0,1.0,0.0,0.0,0.0,0.0,0.0,1.0,1.0,0.0,0.0,0.0
0.8885706703199292,-0.22233245294412188,0.09476774951204131,-0.44099243412721534,-1.2378433659533712,0.03611434551986492,-1.4028846135847628,0.8730525735727481,-0.3213425759743304,-1.1523944895250977,-1.016132138285867,0,0,0.0,0.0,1.0,1.0,0.0,1.0,0.0,0.0,0.0,1.0,1.0,0.0,1.0,0.0,0.0
-0.6677462813094914,-0.5414670467515402,1.1084043742826029,1.4168470888034037,-1.007637092247953,-1.4238272818789293,1.655164290627486,0.0,-0.2152252200272181,-1.3069414706252838,0.0,1,0,1.0,0.0,0.0,0.0,0.0,0.0,0.0,0.0,0.0,0.0,0.0,0.0,0.0,1.0,0.0
-1.6237637571996515,0.0,1.384850726492756,-0.44099243412721534,0.7764615289690385,-0.6938564681795322,1.4418120414963993,0.18190346801026,-0.8348275026610991,0.13519958511444324,-0.5080660691429335,1,0,0.0,0.0,0.0,0.0,0.0,0.0,0.0,0.0,1.0,0.0,0.0,0.0,0.0,1.0,0.0
0.42617783089914746,0.6869395536743915,-0.458124954908265,-0.44099243412721534,0.0,0.766085159219262,-0.7628278661915013,-1.2643251596201162,-0.7610534001786494,0.7569567238593027,1.016132138285867,1,1,1.0,0.0,0.0,1.0,0.0,0.0,0.0,0.0,0.0,0.0,0.0,0.0,0.0,1.0,0.0
0.9836856886042917,-0.49821820562354036,-1.3796127956087754,1.4168470888034037,0.0,0.0,1.1573423759882828,-0.8031504016510257,-0.5368688579114189,1.450187379845068,-0.5080660691429335,1,0,1.0,0.0,0.0,0.0,1.0,0.0,0.0,0.0,0.0,1.0,0.0,0.0,0.0,1.0,0.0
1.3248018096155878,0.7043786025163269,-1.2874640115387244,-0.44099243412721534,-1.640704344937853,-1.4238272818789293,0.09058113033284712,0.5886060080802289,-0.5453124506300698,1.0071586493817748,0.0,0,0,1.0,0.0,0.0,1.0,0.0,0.0,0.0,0.0,0.0,0.0,1.0,0.0,0.0,1.0,0.0
0.9924062553126661,-0.9498895706296681,0.4633628857922455,-1.3699121955925249,-0.10119988953286854,0.03611434551986492,-0.1227711187982398,-1.2944512736993732,2.603187403912355e-16,-0.46380381218668204,-1.5241982074288005,1,1,0.0,1.0,0.0,1.0,1.0,0.0,0.0,0.0,0.0,1.0,1.0,0.0,0.0,1.0,0.0
-0.48339755717199556,1.0542059222855518,0.8319580220724497,1.4168470888034037,1.0786072632074,0.0,-0.6205930334374431,0.21027806382909503,2.603187403912355e-16,1.4606273318016048,0.0,0,1,0.0,1.0,0.0,1.0,0.0,0.0,0.0,0.0,0.0,0.0,1.0,0.0,0.0,0.0,1.0
0.09743274638112676,1.239408620986906,-1.1953152274686734,1.4168470888034037,-0.4321214079844073,0.766085159219262,-3.947809655681591e-16,1.4216280927368923,-0.3680685594088984,-1.5856078805420741,1.5241982074288005,1,0,0.0,0.0,0.0,0.0,1.0,0.0,0.0,0.0,0.0,0.0,1.0,0.0,0.0,0.0,0.0
1.5728309511119105,0.47383437682594054,-0.6424225230483671,1.4168470888034037,-1.007637092247953,1.496055972918659,0.8017552941031377,0.23532477495312842,0.472283583708355,0.8930330207286927,0.0,0,0,1.0,0.0,0.0,0.0,1.0,0.0,0.0,0.0,0.0,0.0,0.0,0.0,0.0,1.0,0.0
0.8044070613902694,-0.012366304887219279,1.661297078702909,1.4168470888034037,0.0,-0.6938564681795322,-0.265005951552298,1.420402029954597,1.7064792380413238,-0.136239165755514,-1.016132138285867,1,0,0.0,0.0,1.0,1.0,0.0,0.0,0.0,0.0,0.0,0.0,1.0,0.0,1.0,0.0,0.0
-0.9419371229309375,1.096757201459874,-0.18167860269811184,-0.44099243412721534,-0.12997567374604582,0.03611434551986492,0.44616821221799224,-1.4986783028645687,0.6284900490033962,-1.4497992747484927,1.016132138285867,0,0,1.0,0.0,0.0,0.0,0.0,0.0,0.0,1.0,0.0,0.0,1.0,0.0,0.0,1.0,0.0
-0.5211190782826383,0.04204352749961927,-1.6560591478189286,-0.44099243412721534,-0.6767155737964141,-0.6938564681795322,0.7306378777261087,-0.2957355616067966,-1.0334665991608858,-0.9615307524735399,-1.5241982074288005,0,0,1.0,0.0,0.0,1.0,0.0,0.0,0.0,0.0,0.0,1.0,1.0,1.0,0.0,0.0,0.0
-1.3799934971190464,1.5990018081076145,-1.1031664433986224,-1.3699121955925249,0.013903247319840573,0.03611434551986492,0.8017552941031377,-0.47333951321357887,-0.24177244798162045,-1.6685028836841485,-1.016132138285867,0,0,0.0,1.0,0.0,0.0,0.0,0.0,1.0,0.0,0.0,1.0,1.0,0.0,0.0,1.0,0.0
-0.5312592721295852,-1.1455556986361837,-0.8267200911884691,0.4879273273380942,0.6613583921163294,0.766085159219262,-1.5451194463388207,-0.6856235263767151,0.5507088177731123,-0.503511321764963,-0.5080660691429335,0,1,1.0,0.0,0.0,1.0,0.0,0.0,0.0,0.0,0.0,1.0,0.0,0.0,0.0,1.0,0.0
0.8291491343768199,1.5756334826594212,1.2005531583526539,0.4879273273380942,-1.324170718592903,1.496055972918659,1.2995772087423412,0.09485301046729075,1.4234042143550285,-1.6455706815232087,-1.5241982074288005,1,0,1.0,0.0,0.0,0.0,0.0,1.0,0.0,0.0,0.0,1.0,1.0,0.0,1.0,0.0,0.0
0.7614126394792142,0.07273625346142562,1.661297078702909,-1.3699121955925249,-1.7845832660037395,-0.6938564681795322,-0.1227711187982398,0.6761819211013248,1.7164970599109097,-0.7143626591435657,-1.5241982074288005,0,0,1.0,0.0,0.0,0.0,1.0,0.0,0.0,0.0,0.0,1.0,1.0,0.0,0.0,1.0,0.0
0.18504402121874855,0.14388757273652217,0.6476604539323476,0.4879273273380942,-0.10119988953286854,0.766085159219262,-0.8339452825685303,1.0823590056931671,-1.5554666744368022,0.19275316641330006,0.5080660691429335,0,1,1.0,0.0,0.0,0.0,0.0,0.0,1.0,0.0,0.0,1.0,1.0,0.0,1.0,0.0,0.0
-1.424610350045613,1.6802677757110336,0.0026189654419902656,-1.3699121955925249,-1.7558074817905622,0.03611434551986492,-0.9050626989455594,0.9877770196303837,-1.5415848355603763,-0.23617716739073824,1.016132138285867,1,0,1.0,0.0,0.0,1.0,0.0,1.0,0.0,0.0,1.0,0.0,0.0,1.0,0.0,0.0,0.0
-1.4065608049980476,0.4190757634622633,-6.547564913010081e-16,-0.44099243412721534,1.3088135369128182,-0.6938564681795322,-0.051653702421210694,-0.22357300927741364,-0.8946482103966256,1.6069651199103259,1.016132138285867,0,0,0.0,0.0,1.0,1.0,0.0,1.0,0.0,0.0,0.0,1.0,1.0,0.0,0.0,1.0,0.0
-0.37814234504068606,0.7682055212778106,1.0162555902125519,1.4168470888034037,-1.6694801291510304,-0.6938564681795322,1.3706946251193701,1.2963945371167254,0.6130339809760353,-1.0044505549615246,1.5241982074288005,0,0,1.0,0.0,0.0,0.0,0.0,0.0,0.0,0.0,0.0,1.0,1.0,0.0,0.0,0.0,0.0
1.1643839429568867,-1.3192486251018605,0.6476604539323476,1.4168470888034037,-0.014872536893336707,0.766085159219262,-0.40724078430635624,-1.6547385798681613,-1.4674529537254415,-0.7441655989169271,-0.5080660691429335,0,1,0.0,0.0,0.0,0.0,0.0,0.0,0.0,1.0,0.0,1.0,1.0,1.0,0.0,0.0,0.0
0.8364500739466217,0.6231126349129078,1.1084043742826029,-0.44099243412721534,-0.8062066027557119,-0.6938564681795322,0.8728727104801665,1.1427863856777232,0.17217826284376367,0.13769803515532386,0.5080660691429335,0,0,0.0,0.0,0.0,1.0,0.0,0.0,0.0,0.0,0.0,0.0,1.0,0.0,0.0,1.0,0.0
-1.7935106021975438,1.5180846214810342,-0.9188688752585202,1.4168470888034037,-0.14436356585263446,1.496055972918659,-1.4028846135847628,-0.5152007996376626,2.603187403912355e-16,-0.5930093714436505,1.5241982074288005,1,0,0.0,0.0,1.0,0.0,0.0,0.0,0.0,0.0,0.0,1.0,1.0,0.0,0.0,1.0,0.0
1.5801318906817123,-0.6924892097227011,-1.5639103637488776,1.4168470888034037,0.8196252052888044,1.496055972918659,-0.051653702421210694,0.6817867795346749,0.8223349021798813,-0.8513312595989846,-1.016132138285867,1,1,1.0,0.0,0.0,0.0,0.0,1.0,0.0,0.0,0.0,1.0,0.0,0.0,0.0,1.0,0.0
0.2053244089126425,-0.1626909059047027,0.6476604539323476,0.4879273273380942,0.15778216838572698,0.766085159219262,1.797399123381544,-1.2208875067616527,-0.27733571561865,-0.9418108432223037,1.5241982074288005,1,0,0.0,0.0,0.0,0.0,0.0,0.0,0.0,1.0,0.0,1.0,0.0,0.0,0.0,0.0,1.0
-1.3453140341624878,-1.7695248662006333,1.384850726492756,-0.44099243412721534,0.0,0.03611434551986492,1.0151075432342247,0.0,0.6995450284069583,0.6313203789464493,-1.016132138285867,0,0,0.0,1.0,0.0,0.0,1.0,0.0,0.0,0.0,1.0,0.0,0.0,1.0,0.0,0.0,0.0
-0.36739373956292226,0.2335242837840703,1.0162555902125519,0.4879273273380942,-0.1587514579592231,0.766085159219262,-0.9761801153225884,0.9826976166751601,1.4359980475625076,-0.4357854795853781,-0.5080660691429335,0,1,0.0,1.0,0.0,0.0,0.0,0.0,0.0,1.0,1.0,0.0,1.0,0.0,0.0,1.0,0.0
-0.7231117397138219,1.6635262888227755,-6.547564913010081e-16,0.4879273273380942,0.5030915789438544,1.496055972918659,0.019463713955818012,1.2618896273864135,-1.1284927951809567,-1.3249660030630652,1.016132138285867,0,1,0.0,1.0,0.0,0.0,0.0,0.0,0.0,0.0,1.0,0.0,1.0,0.0,1.0,0.0,0.0
-1.4669963603258516,0.42291235420748907,-0.36597617083821393,1.4168470888034037,-0.8637581711820664,-1.4238272818789293,-3.947809655681591e-16,-1.1832298641625816,0.2086002009267577,-1.356910471442896,-1.016132138285867,1,0,0.0,0.0,0.0,0.0,1.0,0.0,0.0,0.0,0.0,1.0,1.0,0.0,0.0,1.0,0.0
-0.06906923658574246,-0.09328349151379968,-0.6424225230483671,1.4168470888034037,1.0498314789942227,-1.4238272818789293,-0.3361233679293271,1.1329778834193605,-0.8533604731198328,-3.246181535464667e-16,-0.5080660691429335,0,1,1.0,0.0,0.0,0.0,0.0,0.0,0.0,0.0,0.0,0.0,1.0,0.0,0.0,1.0,0.0
-1.5231730342379377,-1.398770687821086,1.384850726492756,-0.44099243412721534,-1.3817222870192576,-0.6938564681795322,1.0151075432342247,-1.4247642322747638,1.1397567437047567,1.0325000712249923,1.5241982074288005,0,0,0.0,0.0,0.0,0.0,0.0,0.0,0.0,1.0,0.0,0.0,1.0,0.0,0.0,1.0,0.0
0.34789553440071685,-0.6478452446873464,-0.8267200911884691,1.4168470888034037,-0.7486550343293573,-0.6938564681795322,-3.947809655681591e-16,0.0,2.603187403912355e-16,0.237725267149151,-1.016132138285867,0,0,0.0,1.0,0.0,0.0,1.0,0.0,0.0,0.0,0.0,1.0,1.0,1.0,0.0,0.0,0.0
1.0907661356280518,-1.313668129472441,-6.547564913010081e-16,1.4168470888034037,1.5821834869380023,-1.4238272818789293,-0.9761801153225884,0.733106264565037,2.603187403912355e-16,-1.6337030438290259,0.0,0,1,0.0,0.0,0.0,0.0,0.0,0.0,0.0,1.0,0.0,1.0,0.0,0.0,0.0,1.0,0.0
-1.087550306573096,0.21503889201161874,-0.8267200911884691,-0.44099243412721534,-0.8062066027557119,1.496055972918659,1.5129294578734285,0.5173192148810569,1.207949488288437,0.3941460857799975,-1.5241982074288005,1,0,0.0,0.0,1.0,1.0,0.0,0.0,1.0,0.0,0.0,1.0,0.0,1.0,0.0,0.0,0.0
0.0,0.6014882143489079,0.9241068061425007,1.4168470888034037,1.5821834869380023,-0.6938564681795322,0.3750507958409635,-0.8383559186855062,-1.2906383977272524,0.549853061542021,1.5241982074288005,0,0,1.0,0.0,0.0,0.0,0.0,1.0,0.0,0.0,0.0,0.0,0.0,0.0,1.0,0.0,0.0
-0.17614968360950245,0.5551003444293596,1.384850726492756,0.4879273273380942,-0.8781460632886551,0.766085159219262,-0.40724078430635624,0.6702267590158902,1.7997165372989687,-0.31639525977472627,1.016132138285867,0,0,0.0,0.0,1.0,0.0,1.0,0.0,0.0,0.0,0.0,1.0,0.0,0.0,0.0,1.0,0.0
1.8527003012876468,-0.4881035572952178,-6.547564913010081e-16,-0.44099243412721534,-0.8205944948623005,0.766085159219262,0.019463713955818012,0.9257732732114479,-0.14123644993327739,1.4616980961048394,1.5241982074288005,0,0,1.0,0.0,0.0,0.0,0.0,1.0,0.0,0.0,0.0,1.0,1.0,0.0,0.0,1.0,0.0
0.6827247352269058,0.7479762246211655,1.661297078702909,1.4168470888034037,-1.2378433659533712,1.496055972918659,0.3750507958409635,-1.4739818953926196,-0.32785416018956115,0.5367361988273978,0.0,0,0,1.0,0.0,0.0,0.0,0.0,0.0,1.0,0.0,0.0,1.0,1.0,0.0,0.0,1.0,0.0
-1.7476769260093437,-0.6311037577990883,1.0162555902125519,-1.3699121955925249,0.9203404500349249,-0.6938564681795322,0.23281596308690533,-1.6079730423148961,0.021410043706497576,1.6516695295703683,-0.5080660691429335,0,0,1.0,0.0,0.0,0.0,1.0,0.0,0.0,0.0,0.0,0.0,1.0,1.0,0.0,0.0,0.0
0.2653543564865685,0.6688029428787786,-0.550273738978316,-0.44099243412721534,0.47431579473067703,0.766085159219262,-0.051653702421210694,1.2326392724373676,0.6890978713143903,-1.031308892900991,-0.5080660691429335,0,1,1.0,0.0,0.0,0.0,0.0,1.0,0.0,0.0,1.0,0.0,1.0,0.0,0.0,0.0,1.0
-1.408386039890498,-1.7220906533505689,0.37121410172219443,-0.44099243412721534,-1.5399891001917325,-0.6938564681795322,0.019463713955818012,0.6900189153586579,-0.6347572887513715,-0.885684947661093,1.5241982074288005,0,0,0.0,1.0,0.0,1.0,0.0,1.0,0.0,0.0,0.0,0.0,1.0,0.0,0.0,1.0,0.0
-0.05791502335410079,-0.0252712010302515,1.1084043742826029,-1.3699121955925249,0.8340130973953931,-0.6938564681795322,-1.1184149480766465,-1.5563032536324497,0.06520223645068687,0.7332214484709368,0.0,0,1,1.0,0.0,0.0,0.0,1.0,0.0,0.0,0.0,0.0,0.0,1.0,0.0,0.0,1.0,0.0
-1.0794381514955385,-0.7123697254025074,1.476999510562807,1.4168470888034037,1.4239166737655273,0.766085159219262,1.1573423759882828,0.0184868143128952,1.0690595436536798,-1.15587447351061,1.5241982074288005,1,0,1.0,0.0,0.0,1.0,0.0,0.0,0.0,0.0,0.0,0.0,1.0,0.0,0.0,1.0,0.0
-0.729398659898929,1.5944676554087114,1.1084043742826029,1.4168470888034037,0.7332978526492726,-1.4238272818789293,0.1616985467098762,-1.201095350418885,-1.5921748360017844,1.6470295509230186,-1.5241982074288005,0,0,0.0,0.0,1.0,0.0,0.0,1.0,0.0,0.0,0.0,1.0,0.0,0.0,0.0,1.0,0.0
0.0,1.6370189345830337,-0.458124954908265,-0.44099243412721534,1.1649346158469318,0.766085159219262,-1.2606497808307044,1.0049418985825185,1.5158543990372058,-0.6818828086121178,-1.5241982074288005,1,1,0.0,0.0,0.0,0.0,1.0,0.0,0.0,0.0,0.0,1.0,0.0,0.0,0.0,0.0,0.0
-0.6971528434656377,-1.6045514641559242,1.384850726492756,-0.44099243412721534,0.37360054998455655,1.496055972918659,0.9439901268571956,0.37964987961189434,-0.7533969220354659,1.559137647699183,0.5080660691429335,0,0,0.0,0.0,0.0,0.0,0.0,1.0,0.0,0.0,0.0,1.0,1.0,0.0,0.0,1.0,0.0
-1.107627890390051,-0.663889169621927,-1.5639103637488776,1.4168470888034037,0.18655795259890426,0.03611434551986492,1.5840468742504568,-0.05087330879981269,1.4724199856455018,1.1291365495919101,-1.016132138285867,1,0,0.0,0.0,0.0,0.0,0.0,1.0,0.0,0.0,0.0,1.0,1.0,0.0,0.0,1.0,0.0
0.46734701791775213,-1.3370364549206346,-0.36597617083821393,1.4168470888034037,1.035443586887634,0.766085159219262,1.5840468742504568,-0.6977090023736263,0.318223794528225,1.575288342606304,0.5080660691429335,1,0,0.0,0.0,0.0,0.0,0.0,0.0,0.0,0.0,0.0,0.0,1.0,1.0,0.0,0.0,0.0
-0.5884499654263662,-1.5529318795837952,-1.3796127956087754,0.4879273273380942,-1.2666191501665485,-0.6938564681795322,-0.4783582006833849,-0.8206655842552448,-1.573856533154542,-1.689382787597222,-1.5241982074288005,0,0,1.0,0.0,0.0,1.0,0.0,0.0,0.0,0.0,0.0,1.0,0.0,0.0,0.0,1.0,0.0
-0.17148519443990684,1.3150940929609056,0.09476774951204131,-0.44099243412721534,0.25849741313184743,-0.6938564681795322,-1.2606497808307044,0.0,1.3635119507490048,0.5885790371756704,0.0,0,1,1.0,0.0,0.0,0.0,0.0,0.0,1.0,0.0,0.0,1.0,1.0,1.0,0.0,0.0,0.0
0.0,-0.7779405490481847,-0.9188688752585202,-0.44099243412721534,-1.1802917975270166,0.766085159219262,0.09058113033284712,1.121593014726618,1.4472323192305432,0.7488367612264407,-1.016132138285867,0,0,0.0,0.0,0.0,1.0,0.0,0.0,0.0,0.0,0.0,1.0,0.0,0.0,0.0,1.0,0.0
1.3529915485101003,-1.4284170708523762,-0.08952981862806078,0.0,0.17217006049231562,0.03611434551986492,-1.3317671972077336,-0.04369208393208283,-0.6803383782579868,-1.5003928880763249,0.0,0,0,1.0,0.0,0.0,1.0,0.0,0.0,0.0,0.0,1.0,0.0,1.0,0.0,0.0,0.0,1.0
-1.7797199385656959,0.8857447104724554,0.4633628857922455,0.0,-0.8205944948623005,0.766085159219262,1.5840468742504568,1.4491269294255165,1.6316317975014187,1.7155584663300294,0.5080660691429335,0,0,0.0,1.0,0.0,0.0,0.0,0.0,1.0,0.0,0.0,0.0,1.0,0.0,0.0,1.0,0.0
-0.2586908615236508,0.7828543223050364,-1.4717615796788266,0.0,-0.029260428999925345,0.03611434551986492,-1.1184149480766465,-1.1464479806937213,-0.7251323531891346,0.23049760810231779,-0.5080660691429335,0,1,1.0,0.0,0.0,0.0,0.0,1.0,0.0,0.0,1.0,0.0,1.0,0.0,0.0,0.0,1.0
1.6490852088409518,1.623765257463163,0.8319580220724497,0.4879273273380942,0.34482476577137927,0.03611434551986492,-0.8339452825685303,-1.5303807833782053,-1.021802992269868,-0.21342342594700417,0.0,1,1,1.0,0.0,0.0,0.0,0.0,1.0,0.0,0.0,0.0,0.0,1.0,0.0,0.0,1.0,0.0
1.056086672671493,1.3109087212388413,-0.08952981862806078,1.4168470888034037,-0.5184487606239391,1.496055972918659,-3.947809655681591e-16,1.6207757189468641,1.483153366220058,-1.157302159248256,0.5080660691429335,0,0,0.0,1.0,0.0,0.0,0.0,0.0,0.0,0.0,0.0,1.0,1.0,0.0,0.0,1.0,0.0
1.7433890116175585,1.4221698528503892,-1.6560591478189286,1.4168470888034037,1.596571379044591,-0.6938564681795322,-0.40724078430635624,1.6701685338907621,-0.7895326366364719,-0.14650065699484507,0.5080660691429335,1,1,0.0,1.0,0.0,0.0,0.0,0.0,1.0,0.0,0.0,1.0,0.0,0.0,0.0,1.0,0.0
0.0,-1.3890048204696022,-0.9188688752585202,0.4879273273380942,-0.8205944948623005,0.0,1.0862249596112539,-1.2079262716345305,1.5524910047316909,-1.6189800346595509,0.5080660691429335,0,0,0.0,1.0,0.0,0.0,0.0,1.0,0.0,0.0,0.0,1.0,1.0,0.0,0.0,0.0,0.0
0.13332903259931903,0.547427162938908,0.4633628857922455,-0.44099243412721534,0.5606431473702089,0.03611434551986492,-0.1227711187982398,-0.46738435112814436,1.4198264208301763,0.5114840073427831,-0.5080660691429335,0,1,0.0,1.0,0.0,0.0,0.0,0.0,0.0,1.0,0.0,0.0,1.0,0.0,0.0,1.0,0.0
-0.38726851950293834,1.238013497079551,0.0026189654419902656,1.4168470888034037,0.04267903153301785,-0.6938564681795322,-1.1184149480766465,-1.1256049133947006,0.028923410108686917,-1.4056302472400677,-0.5080660691429335,1,1,1.0,0.0,0.0,0.0,1.0,0.0,0.0,0.0,0.0,1.0,0.0,1.0,0.0,0.0,0.0
0.6289817078380868,0.8156397341278749,-0.08952981862806078,0.4879273273380942,1.2512619684864636,-1.4238272818789293,-0.8339452825685303,0.00867831205453247,0.7456985648775499,0.018129354627466288,1.5241982074288005,0,0,1.0,0.0,0.0,1.0,1.0,0.0,0.0,0.0,0.0,0.0,1.0,0.0,0.0,0.0,0.0
-0.21265438145851154,-0.023178515169219246,-6.547564913010081e-16,-1.3699121955925249,-0.6191640053700596,0.03611434551986492,0.019463713955818012,-0.6565483232537114,0.05396796478265138,-0.9311032001899582,-0.5080660691429335,0,0,0.0,0.0,0.0,1.0,1.0,0.0,0.0,0.0,0.0,0.0,1.0,1.0,0.0,0.0,0.0
-0.4639283849858574,-1.5044513238032147,0.37121410172219443,0.4879273273380942,-0.5472245448371164,-0.6938564681795322,-1.2606497808307044,0.14477128088931537,0.9580048326422715,1.319821825926262,-1.016132138285867,1,0,0.0,1.0,0.0,1.0,0.0,0.0,0.0,0.0,0.0,1.0,1.0,1.0,0.0,0.0,0.0
-0.5817574374873812,-1.304251043097796,-0.8267200911884691,0.0,-0.6911034659030028,0.0,0.44616821221799224,1.1538209507183814,-0.7554004864093832,1.735813757732883,-0.5080660691429335,1,0,1.0,0.0,0.0,0.0,1.0,0.0,0.0,0.0,0.0,1.0,0.0,0.0,0.0,1.0,0.0
-0.8482417317851475,-0.2526763979290895,1.2927019424227049,1.4168470888034037,-0.20191513427898902,1.496055972918659,0.23281596308690533,-0.42622367200822936,-0.855578705105241,-0.2831123360158525,-0.5080660691429335,0,1,0.0,0.0,0.0,0.0,1.0,0.0,0.0,0.0,0.0,1.0,0.0,0.0,0.0,1.0,0.0
0.0672149687172248,1.6345774677451628,0.7398092380023986,0.4879273273380942,0.0,-0.6938564681795322,0.8017552941031377,-0.8903760110200372,0.8788640398725439,1.2974250059169394,-0.5080660691429335,0,0,1.0,0.0,0.0,0.0,0.0,0.0,0.0,1.0,0.0,0.0,1.0,1.0,0.0,0.0,0.0
-1.3507897388398393,0.5920711279742628,-1.3796127956087754,0.4879273273380942,-0.7918187106491232,-1.4238272818789293,1.5840468742504568,0.38140139787231625,1.4740657706669338,-0.3267459813726602,0.0,0,0,1.0,0.0,0.0,0.0,0.0,1.0,0.0,0.0,0.0,1.0,0.0,0.0,0.0,1.0,0.0
0.0,0.5299881140969727,-1.3796127956087754,-1.3699121955925249,0.5462552552636203,0.0,1.5129294578734285,1.3697831522284036,-0.8109278419150873,-0.49521289841489535,-0.5080660691429335,0,0,1.0,0.0,0.0,0.0,0.0,0.0,0.0,1.0,0.0,1.0,0.0,0.0,0.0,1.0,0.0
0.48539656296531775,-0.9533773803980551,0.09476774951204131,0.4879273273380942,-1.122740229100662,0.766085159219262,1.5840468742504568,-1.190060785378227,-0.8319652678412174,-0.1564944571583675,-1.016132138285867,0,0,0.0,0.0,0.0,1.0,0.0,0.0,0.0,0.0,1.0,0.0,1.0,0.0,0.0,1.0,0.0
0.7985257489590402,0.21503889201161874,-0.7345713071184181,0.4879273273380942,-1.079576552780896,-1.4238272818789293,-0.9050626989455594,0.0,1.222045994776354,-0.1960235060194428,0.5080660691429335,0,0,0.0,1.0,0.0,1.0,1.0,0.0,0.0,0.0,0.0,0.0,0.0,0.0,0.0,1.0,0.0
-1.0475979428161248,-1.3398267027353443,-1.4717615796788266,1.4168470888034037,-1.3529465028060803,0.03611434551986492,-1.2606497808307044,0.0,-0.805489595757312,1.4745472677436537,0.0,0,0,1.0,0.0,0.0,0.0,0.0,1.0,0.0,0.0,0.0,0.0,1.0,1.0,0.0,0.0,0.0
-0.980469859549336,-1.3802852960486345,0.0026189654419902656,0.4879273273380942,-1.5112133159785552,0.03611434551986492,-0.6917104498144723,-0.967968269956728,-1.2878477187778676,-1.4934329201053003,-1.5241982074288005,1,0,0.0,0.0,0.0,0.0,1.0,0.0,0.0,0.0,0.0,0.0,0.0,1.0,0.0,0.0,0.0
0.49675358007389836,1.4995992297085825,1.661297078702909,-0.44099243412721534,-0.18752724217240038,-0.6938564681795322,1.4418120414963993,1.3230176146751385,-0.573505463605904,1.3811230822864398,-0.5080660691429335,1,0,1.0,0.0,0.0,0.0,1.0,0.0,0.0,0.0,1.0,0.0,1.0,0.0,0.0,0.0,1.0
-1.3958121995202837,0.5864906323448434,0.4633628857922455,-1.3699121955925249,1.6109592711511795,0.766085159219262,1.7262817070045149,-1.0515156909788534,0.3252362698369351,-1.597475518236257,1.5241982074288005,0,0,1.0,0.0,0.0,0.0,0.0,0.0,0.0,0.0,0.0,0.0,0.0,0.0,0.0,1.0,0.0
-0.094014113449232,0.006467867862070986,-0.550273738978316,0.4879273273380942,0.0,0.03611434551986492,1.2995772087423412,-1.0469617435017564,-1.19661398389414,1.497301009187388,1.5241982074288005,0,0,1.0,0.0,0.0,0.0,1.0,0.0,0.0,0.0,0.0,1.0,1.0,0.0,0.0,0.0,1.0
1.7711731427581934,0.96282530635381,-0.8267200911884691,-1.3699121955925249,1.4958561342984704,0.03611434551986492,-1.3317671972077336,-0.7082181119361578,0.7930685511465914,0.005904795498871895,0.5080660691429335,0,1,1.0,0.0,0.0,0.0,0.0,0.0,1.0,0.0,0.0,1.0,0.0,0.0,0.0,0.0,0.0
1.3225709669692594,-1.7475516646597946,1.1084043742826029,-1.3699121955925249,-1.5687648844049098,0.766085159219262,1.5840468742504568,0.0,-0.07433171101854373,-1.484866805679424,0.5080660691429335,0,0,1.0,0.0,0.0,0.0,0.0,1.0,0.0,0.0,0.0,0.0,1.0,0.0,0.0,0.0,1.0
-0.6215069973674133,0.13586561026923188,-0.8267200911884691,-1.3699121955925249,0.5606431473702089,1.496055972918659,-0.265005951552298,0.7770693729016271,-1.3003699961148498,0.4462566152040787,0.0,0,1,0.0,1.0,0.0,1.0,0.0,1.0,0.0,0.0,0.0,0.0,0.0,0.0,1.0,0.0,0.0
-0.6985724706042102,0.0,-0.18167860269811184,0.4879273273380942,-0.12997567374604582,0.03611434551986492,-1.7584716954699078,1.3240685256313915,0.6103864137676448,-0.8724788545878669,1.5241982074288005,0,1,1.0,0.0,0.0,0.0,0.0,0.0,0.0,0.0,0.0,0.0,1.0,0.0,0.0,0.0,0.0
0.12034958447522691,-0.910477320246894,0.6476604539323476,0.4879273273380942,-0.14436356585263446,-1.4238272818789293,-0.1938885351752689,1.0711492888264669,-0.651286694836188,1.52960239900163,-1.5241982074288005,0,1,0.0,1.0,0.0,1.0,0.0,0.0,0.0,0.0,1.0,0.0,0.0,0.0,0.0,1.0,0.0
-1.6083506625522923,-1.5260757443672146,-0.18167860269811184,0.0,-1.2953949343797257,-0.6938564681795322,-1.6162368627158499,-1.4345727345331265,-0.7115367377946968,-0.3267459813726602,1.016132138285867,1,0,1.0,0.0,0.0,0.0,1.0,0.0,0.0,0.0,0.0,1.0,0.0,0.0,0.0,1.0,0.0
-1.7103610126525788,-1.1434630127751513,0.27906531765214343,-0.44099243412721534,1.3663651053391728,0.03611434551986492,0.1616985467098762,-1.0357520266350562,-0.2590174127714074,0.5932190158230201,0.0,1,0,1.0,0.0,0.0,0.0,1.0,0.0,0.0,0.0,0.0,1.0,1.0,0.0,0.0,1.0,0.0
0.3927151912042225,0.5655637737345209,-0.8267200911884691,-1.3699121955925249,1.668510839577534,0.03611434551986492,-0.549475617060414,0.2780618205074232,1.1187908736491234,0.5957174658639006,1.5241982074288005,1,1,1.0,0.0,0.0,0.0,0.0,1.0,0.0,0.0,0.0,1.0,0.0,0.0,0.0,0.0,1.0
-1.5681954949183823,-0.47764012799005656,0.09476774951204131,-0.44099243412721534,1.3807529974457613,1.496055972918659,-0.051653702421210694,-0.734841189494571,0.49704191490033134,-1.4888821718165535,-1.016132138285867,0,1,1.0,0.0,0.0,0.0,0.0,0.0,0.0,0.0,0.0,1.0,1.0,0.0,0.0,0.0,1.0
0.4882358172424629,-0.010971180979864445,-1.3796127956087754,-1.3699121955925249,-0.9069218475018324,-1.4238272818789293,0.44616821221799224,-0.045793905844589124,0.506916625028923,-0.974736845546766,1.016132138285867,0,0,0.0,0.0,0.0,0.0,0.0,0.0,0.0,0.0,0.0,0.0,0.0,0.0,0.0,0.0,0.0
1.7200665657695806,-0.9094309773163779,0.27906531765214343,1.4168470888034037,0.15778216838572698,-0.6938564681795322,1.2995772087423412,-0.701036887068428,1.24802077576678,-0.32228446344251627,0.5080660691429335,0,0,1.0,0.0,0.0,0.0,0.0,0.0,0.0,0.0,0.0,1.0,0.0,0.0,1.0,0.0,0.0
-1.321585980560632,-0.5135645686044435,0.4633628857922455,-1.3699121955925249,-0.6911034659030028,0.03611434551986492,0.5884030449720504,0.3870062563056664,-1.1468110980281991,0.09192286119204704,1.016132138285867,1,0,0.0,0.0,0.0,1.0,1.0,0.0,0.0,0.0,0.0,1.0,1.0,0.0,0.0,0.0,1.0
-0.7056706062970731,-0.2886008385434765,-0.9188688752585202,-1.3699121955925249,0.6181947157965635,-0.6938564681795322,-0.1938885351752689,0.606996949814659,-0.6999446867741761,0.3828138302374319,1.5241982074288005,0,1,0.0,0.0,0.0,0.0,0.0,0.0,0.0,0.0,0.0,1.0,0.0,1.0,0.0,0.0,0.0
-1.3404467411159533,0.807268990683746,0.18691653358209237,0.4879273273380942,-0.05803621321310263,0.766085159219262,1.1573423759882828,0.0,-1.465163165869536,1.6714786691802073,0.5080660691429335,0,0,1.0,0.0,0.0,0.0,0.0,0.0,1.0,0.0,0.0,1.0,1.0,0.0,0.0,0.0,0.0
-0.860004356647606,0.0,-0.08952981862806078,-0.44099243412721534,0.7045220684360953,0.03611434551986492,1.4418120414963993,1.3666304193596441,1.6629732687791228,0.8920514867840611,1.016132138285867,0,0,0.0,0.0,0.0,1.0,0.0,0.0,0.0,1.0,0.0,1.0,1.0,1.0,0.0,0.0,0.0
1.032967030700454,1.6373677155598725,-1.7482079318889796,1.4168470888034037,-1.1946796896336052,0.03611434551986492,-1.3317671972077336,-0.8910766183242059,-1.2299590195457613,-3.246181535464667e-16,0.5080660691429335,0,0,0.0,1.0,0.0,0.0,0.0,0.0,0.0,0.0,0.0,1.0,0.0,1.0,0.0,0.0,0.0
0.4565984124399884,1.1075694117418742,-1.1953152274686734,-0.44099243412721534,-0.6479397895832368,0.766085159219262,0.1616985467098762,1.4685687821161997,-1.6856983587414176,-1.7209703345426413,0.5080660691429335,0,0,0.0,1.0,0.0,0.0,0.0,0.0,0.0,1.0,0.0,0.0,0.0,0.0,0.0,1.0,0.0
0.9281174263230224,1.0102595192038744,-1.4717615796788266,1.4168470888034037,-0.5760003290502936,1.496055972918659,-0.7628278661915013,-1.1897104817261426,1.1597923874439282,0.6984216086158141,0.0,0,0,0.0,1.0,0.0,0.0,1.0,0.0,0.0,0.0,0.0,1.0,1.0,1.0,0.0,0.0,0.0
-0.5032723371120116,-0.9258236832277972,-1.7482079318889796,-1.3699121955925249,1.4095287816589386,0.03611434551986492,-1.6162368627158499,1.1039026802963567,-1.033824378513371,-0.7115072876682735,-1.5241982074288005,0,1,1.0,0.0,0.0,1.0,0.0,0.0,0.0,0.0,0.0,1.0,1.0,0.0,0.0,0.0,0.0
-0.5057059836352789,0.8173836390120686,-0.458124954908265,0.4879273273380942,-1.597540668618087,-0.6938564681795322,-3.947809655681591e-16,-0.3516089941142557,0.6083828493937277,0.7076123355519106,0.5080660691429335,0,0,1.0,0.0,0.0,1.0,0.0,1.0,0.0,0.0,1.0,0.0,0.0,1.0,0.0,0.0,0.0
-0.2006889527191141,1.203484180372519,-0.7345713071184181,0.4879273273380942,-1.0508007685677188,0.0,1.2995772087423412,-0.08835579957284169,1.7094130287317026,1.3980768504209866,-1.016132138285867,0,0,1.0,0.0,0.0,0.0,1.0,0.0,0.0,0.0,1.0,0.0,1.0,0.0,1.0,0.0,0.0
-1.140684922331098,0.05808745243419986,0.18691653358209237,-0.44099243412721534,0.0,0.0,-1.1895323644536755,1.353669184232522,2.603187403912355e-16,-0.590421691044167,1.5241982074288005,0,1,1.0,0.0,0.0,1.0,0.0,0.0,1.0,0.0,0.0,1.0,0.0,0.0,0.0,1.0,0.0
1.1213895210458316,0.07273625346142562,0.18691653358209237,0.4879273273380942,0.517479471050443,1.496055972918659,1.1573423759882828,0.0,1.780968899228744,-0.4046440844329734,1.5241982074288005,1,0,0.0,1.0,0.0,1.0,0.0,0.0,1.0,0.0,0.0,1.0,0.0,0.0,0.0,1.0,0.0
0.0,-0.7901478832375395,-0.2738273867681629,-0.44099243412721534,-0.41773351587781865,-1.4238272818789293,-3.947809655681591e-16,0.829965224366369,2.603187403912355e-16,0.7317045323746879,-1.016132138285867,0,0,1.0,0.0,0.0,0.0,0.0,0.0,0.0,0.0,0.0,0.0,1.0,0.0,0.0,1.0,0.0
-1.0336044753073381,1.5142480307358084,0.8319580220724497,-0.44099243412721534,0.41676422630432247,-0.6938564681795322,1.5129294578734285,0.2255162726947657,2.603187403912355e-16,1.2739574216043823,-0.5080660691429335,0,0,0.0,0.0,1.0,0.0,0.0,0.0,0.0,1.0,0.0,1.0,1.0,0.0,0.0,0.0,0.0
1.4028813022370794,-0.4214863907190245,-0.550273738978316,1.4168470888034037,-1.798971158110328,-0.6938564681795322,-0.8339452825685303,-1.6062215240544744,-1.6735338607569206,0.7055600373040445,0.5080660691429335,0,0,0.0,0.0,0.0,0.0,0.0,1.0,0.0,0.0,0.0,1.0,1.0,0.0,0.0,1.0,0.0
0.0,1.60562864666755,0.0026189654419902656,-0.44099243412721534,-0.4752850843041732,0.766085159219262,1.4418120414963993,-1.4182836147112028,1.3592185985191823,1.1610810179717406,0.5080660691429335,1,0,1.0,0.0,0.0,1.0,0.0,0.0,0.0,0.0,0.0,1.0,1.0,1.0,0.0,0.0,0.0
-1.2530382701552705,-0.3039472015243797,1.2005531583526539,1.4168470888034037,0.0,1.496055972918659,-0.6205930334374431,-1.7283023468058818,-1.6565751194491216,-1.479691444880457,0.5080660691429335,0,1,1.0,0.0,0.0,0.0,0.0,0.0,1.0,0.0,0.0,1.0,0.0,1.0,0.0,0.0,0.0
-0.3963946939651906,-1.5421196693017953,-0.458124954908265,0.4879273273380942,0.6038068236899748,0.766085159219262,0.23281596308690533,1.4193511189983439,1.3468394329231943,0.20256850585961675,1.016132138285867,0,1,0.0,0.0,0.0,1.0,0.0,0.0,0.0,0.0,0.0,0.0,0.0,0.0,0.0,0.0,1.0
0.26251510220942337,-0.5958768791383788,-0.7345713071184181,-0.44099243412721534,1.1649346158469318,-1.4238272818789293,-3.947809655681591e-16,1.0716747443045935,-0.31175408932772686,-0.647886041984421,0.5080660691429335,0,1,0.0,0.0,0.0,0.0,0.0,0.0,1.0,0.0,1.0,0.0,1.0,0.0,0.0,0.0,0.0
-1.6345123626774154,1.4389113397386473,0.0026189654419902656,-0.44099243412721534,-0.9788613080347756,0.766085159219262,-1.6162368627158499,-0.3398738217694289,2.603187403912355e-16,-3.246181535464667e-16,0.5080660691429335,0,0,0.0,0.0,0.0,1.0,0.0,0.0,1.0,0.0,0.0,0.0,1.0,0.0,0.0,1.0,0.0
-1.3662028334871985,-1.700466232786569,0.9241068061425007,-1.3699121955925249,-0.8349823869688892,1.496055972918659,0.8017552941031377,0.5837017569510475,-1.5021575509165066,-1.1208961729382814,-1.016132138285867,0,0,1.0,0.0,0.0,0.0,0.0,1.0,0.0,0.0,0.0,0.0,1.0,1.0,0.0,0.0,0.0
-0.6233322322598638,0.0,1.661297078702909,-0.44099243412721534,-0.11558778163945718,0.03611434551986492,-0.1938885351752689,1.0825341575192093,-0.5891761992447562,0.6224865734447643,-1.5241982074288005,0,1,1.0,0.0,0.0,0.0,0.0,0.0,0.0,1.0,0.0,1.0,0.0,0.0,1.0,0.0,0.0
0.6987462415050819,-0.903152919733281,-1.5639103637488776,-0.44099243412721534,-0.5040608685173504,0.03611434551986492,-0.8339452825685303,-1.6831131756869964,0.6809405020777275,1.0493646090009363,0.0,1,0,1.0,0.0,0.0,1.0,0.0,1.0,0.0,0.0,0.0,0.0,0.0,0.0,0.0,0.0,0.0
1.0749474332268145,0.6035809002099402,0.7398092380023986,-1.3699121955925249,0.7764615289690385,-1.4238272818789293,-1.0472975316996174,1.37748983257426,-0.8027704726784245,-3.246181535464667e-16,-0.5080660691429335,1,1,1.0,0.0,0.0,1.0,0.0,1.0,0.0,0.0,0.0,1.0,0.0,0.0,1.0,0.0,0.0
0.45801803957856096,-1.5522343176301179,0.5555116698622966,-1.3699121955925249,1.4958561342984704,0.03611434551986492,0.5884030449720504,-0.4253479128780184,0.14169546201202407,-1.1332991927840816,-1.016132138285867,1,0,0.0,0.0,0.0,1.0,0.0,1.0,0.0,0.0,0.0,1.0,1.0,0.0,0.0,1.0,0.0
0.3927151912042225,-0.697372143398443,-6.547564913010081e-16,0.4879273273380942,-1.1802917975270166,0.0,-1.7584716954699078,-0.8774147758929149,0.6244113643850648,0.5751052530266356,0.5080660691429335,0,0,0.0,0.0,0.0,0.0,0.0,0.0,1.0,0.0,0.0,0.0,0.0,0.0,1.0,0.0,0.0
0.5160199483830976,-0.47554744212902433,-0.6424225230483671,-0.44099243412721534,0.30166108945161335,-1.4238272818789293,1.0862249596112539,0.49069613732264383,-0.8795499217217498,0.027409311922165683,-1.5241982074288005,1,0,0.0,1.0,0.0,1.0,0.0,0.0,0.0,0.0,1.0,0.0,1.0,0.0,1.0,0.0,0.0
0.8409117592392784,0.7117030030299398,-0.6424225230483671,0.4879273273380942,-1.482437531765378,1.496055972918659,-1.4740020299617915,0.6104999863355028,2.603187403912355e-16,-1.230024901509602,0.0,0,0,0.0,0.0,0.0,0.0,0.0,0.0,1.0,0.0,0.0,1.0,0.0,0.0,0.0,1.0,0.0
-1.6302534812616976,-1.18706063487999,-1.6560591478189286,0.4879273273380942,0.8915646658217476,-1.4238272818789293,-1.0472975316996174,-0.8455371435532361,1.4620443844234308,-1.465593048221202,0.0,0,0,0.0,1.0,0.0,0.0,1.0,0.0,0.0,0.0,1.0,0.0,0.0,0.0,0.0,1.0,0.0
1.5973702202215223,-1.6903515844582464,1.569148294632858,-1.3699121955925249,-0.5184487606239391,-1.4238272818789293,-0.40724078430635624,-0.26648520665775055,-1.3337865876369683,0.9248882587499205,0.0,1,0,1.0,0.0,0.0,0.0,0.0,1.0,0.0,0.0,0.0,1.0,0.0,0.0,1.0,0.0,0.0
0.3424198297233655,0.8243592585488427,1.661297078702909,1.4168470888034037,-0.4752850843041732,-0.6938564681795322,-0.051653702421210694,-1.2364760192794078,-0.625240357975265,-1.019530485565411,0.5080660691429335,0,0,1.0,0.0,0.0,0.0,0.0,1.0,0.0,0.0,0.0,1.0,1.0,0.0,0.0,0.0,0.0
-1.2998859657281654,-0.22303001489779928,-1.6560591478189286,0.4879273273380942,-0.9932492001413642,-0.6938564681795322,-0.4783582006833849,0.561282323217647,1.4204704236646497,-0.569898708565505,0.5080660691429335,0,0,0.0,0.0,1.0,0.0,1.0,0.0,0.0,0.0,0.0,1.0,0.0,0.0,1.0,0.0,0.0
0.3253843040604946,0.5885833182058756,1.476999510562807,1.4168470888034037,1.5821834869380023,-1.4238272818789293,-0.6205930334374431,0.6332697237209878,-0.4925042182032533,1.6704971352355757,-0.5080660691429335,0,1,1.0,0.0,0.0,1.0,0.0,1.0,0.0,0.0,0.0,0.0,1.0,0.0,0.0,1.0,0.0
0.3097684055361963,1.6216725716021305,0.5555116698622966,-0.44099243412721534,0.40237633419773383,0.03611434551986492,1.655164290627486,1.6304090693791848,1.0136752998889698,-1.005610549623362,1.5241982074288005,0,0,0.0,0.0,1.0,0.0,0.0,1.0,0.0,0.0,1.0,0.0,0.0,0.0,0.0,1.0,0.0
-0.21691326287422927,0.3545512827471022,-0.8267200911884691,-1.3699121955925249,0.3879884420911452,-0.6938564681795322,-3.947809655681591e-16,-1.2900724780483184,1.6847978092807203,0.5072901804884478,-0.5080660691429335,1,0,0.0,0.0,0.0,1.0,0.0,1.0,0.0,0.0,0.0,0.0,1.0,0.0,0.0,1.0,0.0
0.531433043030457,1.2111573618629705,-1.1031664433986224,-0.44099243412721534,0.013903247319840573,1.496055972918659,-1.6873542790928788,0.4857918861934625,-0.4042042740099043,-1.305959936680652,-0.5080660691429335,0,1,1.0,0.0,0.0,0.0,1.0,0.0,0.0,0.0,0.0,1.0,1.0,1.0,0.0,0.0,0.0
1.7269618975855046,-0.9467505418381197,0.18691653358209237,-0.44099243412721534,-1.727031697577385,0.766085159219262,-0.1938885351752689,-0.6577743860360067,1.0993992327444253,-0.8950541353143951,1.016132138285867,0,0,0.0,1.0,0.0,0.0,0.0,0.0,1.0,0.0,0.0,1.0,1.0,1.0,0.0,0.0,0.0
1.3132419886300681,-1.6732613165931498,0.0026189654419902656,-1.3699121955925249,0.6181947157965635,-0.6938564681795322,1.3706946251193701,-0.22497422388575117,-0.32728171322558486,1.4185998328996487,0.0,0,0,0.0,0.0,0.0,0.0,0.0,1.0,0.0,0.0,0.0,0.0,0.0,1.0,0.0,0.0,0.0
-1.6276170308614915,-1.7210443104200528,-6.547564913010081e-16,-0.44099243412721534,-1.1515160133138393,-1.4238272818789293,-3.947809655681591e-16,-0.7355417967987398,1.7824715725091818,-1.6122877577643349,0.5080660691429335,1,0,0.0,1.0,0.0,1.0,0.0,0.0,0.0,0.0,0.0,1.0,1.0,1.0,0.0,0.0,0.0
-0.34589652860739467,-0.364635091494315,0.8319580220724497,0.0,-1.0651886606743075,0.03611434551986492,-1.4028846135847628,1.1771161435819928,0.1570084182983909,-0.17853435573327855,0.0,0,0,0.0,0.0,1.0,1.0,1.0,0.0,0.0,0.0,0.0,1.0,0.0,0.0,1.0,0.0,0.0
-0.8926557808347753,0.5115027223245211,0.5555116698622966,1.4168470888034037,0.8627888816085704,0.766085159219262,0.9439901268571956,-1.7297035614142193,-0.2648849941521648,1.7000323839331286,-0.5080660691429335,0,0,0.0,0.0,1.0,1.0,0.0,0.0,0.0,1.0,1.0,0.0,0.0,0.0,0.0,1.0,0.0
1.3162840467841523,0.7110054410762624,0.9241068061425007,-0.44099243412721534,-1.281007042273137,-0.6938564681795322,0.3750507958409635,-0.9945913475151411,1.1154277477357626,-1.4572053945125316,0.5080660691429335,1,0,1.0,0.0,0.0,1.0,1.0,0.0,0.0,0.0,0.0,0.0,0.0,0.0,0.0,1.0,0.0
0.9698950249724438,1.7004970723676787,-0.2738273867681629,-1.3699121955925249,1.0066678026744567,0.0,0.30393337946393445,-0.7420224143623009,-1.035827942887288,-0.3344197922125078,-1.016132138285867,0,1,1.0,0.0,0.0,0.0,0.0,0.0,1.0,0.0,0.0,1.0,1.0,0.0,1.0,0.0,0.0
-0.5868275344108547,-0.06538101336670299,0.0026189654419902656,0.4879273273380942,1.2656498605930522,0.03611434551986492,-1.5451194463388207,0.9483678587708906,-1.2605133762479979,-0.8138545089857755,-1.5241982074288005,0,1,0.0,0.0,1.0,0.0,1.0,0.0,0.0,0.0,0.0,1.0,0.0,1.0,0.0,0.0,0.0
-1.769782548595688,0.06889966271619982,-0.36597617083821393,-0.44099243412721534,0.0,0.03611434551986492,-1.2606497808307044,-0.23583363710036703,0.34935059819443803,-0.5754309907988834,-1.5241982074288005,1,0,0.0,1.0,0.0,1.0,0.0,0.0,0.0,1.0,0.0,1.0,1.0,1.0,0.0,0.0,0.0
-0.011675739412022622,-1.4196975464314086,-1.1953152274686734,1.4168470888034037,1.4239166737655273,-1.4238272818789293,0.44616821221799224,0.3913850519567212,0.7259491446203665,-0.38171188227203356,-0.5080660691429335,0,0,1.0,0.0,0.0,0.0,0.0,0.0,0.0,0.0,0.0,0.0,1.0,1.0,0.0,0.0,0.0
0.5655040943561987,1.6157432949958725,-0.36597617083821393,-1.3699121955925249,-1.0651886606743075,1.496055972918659,-1.0472975316996174,0.48263915332470303,0.7102068531110175,1.5172886095144327,1.5241982074288005,1,0,1.0,0.0,0.0,0.0,0.0,0.0,0.0,1.0,1.0,0.0,1.0,1.0,0.0,0.0,0.0
-0.33595913863738663,-0.8013088744963782,0.6476604539323476,-0.44099243412721534,0.22972162891867018,0.03611434551986492,0.019463713955818012,-0.6455137582130532,0.9386847476080704,0.5722498815513436,0.0,0,1,0.0,1.0,0.0,0.0,1.0,0.0,0.0,0.0,0.0,0.0,1.0,0.0,0.0,1.0,0.0
0.5488741764472058,-0.47345475626799205,0.27906531765214343,-0.44099243412721534,1.39514088955235,0.766085159219262,0.1616985467098762,-0.437783692527014,-1.2713898685635483,0.6673694438220124,-1.016132138285867,1,0,1.0,0.0,0.0,0.0,0.0,0.0,0.0,1.0,0.0,1.0,1.0,1.0,0.0,0.0,0.0
-1.1122923795596464,-0.17664214497825104,0.37121410172219443,-0.44099243412721534,0.3879884420911452,-0.6938564681795322,-0.7628278661915013,0.8837368349613218,2.603187403912355e-16,-0.3426289852039726,0.5080660691429335,1,1,0.0,0.0,0.0,0.0,1.0,0.0,0.0,0.0,0.0,1.0,1.0,0.0,0.0,0.0,1.0
-1.0252895163528415,0.24398771308923156,-1.0110176593285713,1.4168470888034037,-1.1371281212072506,0.766085159219262,1.5840468742504568,0.5971884475562963,0.26169465683556237,-0.630218430981051,1.5241982074288005,0,0,0.0,1.0,0.0,0.0,0.0,0.0,0.0,0.0,1.0,0.0,1.0,1.0,0.0,0.0,0.0
1.2698419589651353,0.40965867708761816,1.384850726492756,-1.3699121955925249,-0.46089719219758457,-1.4238272818789293,1.228459792365312,0.7881039379422852,-0.267031670267076,0.9778910917600305,0.0,0,0,1.0,0.0,0.0,0.0,0.0,0.0,0.0,0.0,1.0,0.0,1.0,0.0,0.0,1.0,0.0
0.9867277467583758,1.642948211189292,0.0026189654419902656,0.4879273273380942,0.2872731973450247,-1.4238272818789293,0.8017552941031377,-0.34687989481111653,-1.7331399008809558,-0.27445699123137324,-0.5080660691429335,1,0,1.0,0.0,0.0,0.0,0.0,0.0,1.0,0.0,0.0,0.0,1.0,0.0,1.0,0.0,0.0
-1.431911289615415,-0.9327993027645713,1.569148294632858,0.4879273273380942,0.14339427627913834,0.766085159219262,-1.4740020299617915,1.380292261790935,1.6800751218279157,-0.16006367150248266,0.0,0,1,0.0,0.0,0.0,0.0,0.0,0.0,0.0,0.0,0.0,1.0,1.0,0.0,0.0,1.0,0.0
0.44625541471610247,-1.6540783628670208,-0.2738273867681629,0.4879273273380942,-0.9069218475018324,1.496055972918659,-1.4028846135847628,1.720261956138829,0.09919127493678151,0.09120901832322402,-0.5080660691429335,0,0,1.0,0.0,0.0,0.0,0.0,1.0,0.0,0.0,0.0,0.0,0.0,0.0,0.0,1.0,0.0
-1.0903895608502412,-0.7901478832375395,1.0162555902125519,-1.3699121955925249,-0.48967297641076185,-1.4238272818789293,0.019463713955818012,0.6523612727595867,-0.663451192820685,0.7746243348626727,1.016132138285867,0,0,1.0,0.0,0.0,1.0,0.0,0.0,0.0,0.0,1.0,0.0,1.0,0.0,1.0,0.0,0.0
-1.1023549895896385,-0.902106576802765,-1.1031664433986224,0.4879273273380942,0.7908494210756272,-1.4238272818789293,-1.1895323644536755,-0.5800069752732736,-0.5818059445835608,-0.8663219598442682,-1.5241982074288005,1,1,1.0,0.0,0.0,0.0,0.0,0.0,0.0,0.0,0.0,0.0,1.0,0.0,0.0,1.0,0.0
-1.4617234595254391,0.3067682889201991,-0.458124954908265,1.4168470888034037,-0.029260428999925345,0.766085159219262,1.7262817070045149,0.6809110204044639,2.603187403912355e-16,-0.5026190181789343,1.5241982074288005,1,0,0.0,1.0,0.0,0.0,0.0,0.0,0.0,0.0,0.0,0.0,1.0,0.0,0.0,0.0,1.0
1.197035367144056,0.07552650127613529,1.0162555902125519,-1.3699121955925249,1.7692260843236547,-1.4238272818789293,-1.1895323644536755,-0.9457239880493697,-0.32627993103862624,-1.5867678752039116,-1.5241982074288005,0,1,0.0,0.0,1.0,1.0,0.0,0.0,0.0,0.0,0.0,1.0,1.0,1.0,0.0,0.0,0.0
-1.1723223271335725,1.6861970523172918,0.9241068061425007,-0.44099243412721534,0.7476857447558612,1.496055972918659,-0.051653702421210694,-0.3615926481986606,-1.5558244537892876,0.9456789323043913,0.0,0,0,1.0,0.0,0.0,0.0,0.0,0.0,1.0,0.0,0.0,1.0,1.0,0.0,0.0,0.0,0.0
-1.4193374492452007,0.8690032235841973,0.0026189654419902656,1.4168470888034037,-1.2666191501665485,0.0,-0.4783582006833849,0.5903575263406509,-0.7922517597153594,-0.7410425363658264,-1.016132138285867,1,0,1.0,0.0,0.0,0.0,0.0,0.0,1.0,0.0,0.0,1.0,1.0,1.0,0.0,0.0,0.0
0.0,-1.1835728251116029,1.75344586277296,0.0,-1.7701953738971508,1.496055972918659,0.5172856285950214,0.8140264081965296,-0.8950775456196078,-3.246181535464667e-16,0.5080660691429335,1,0,0.0,1.0,0.0,1.0,0.0,0.0,1.0,0.0,1.0,0.0,0.0,0.0,0.0,1.0,0.0
-0.4742713827097433,-0.6331964436601206,-0.7345713071184181,0.4879273273380942,-0.014872536893336707,-0.6938564681795322,-1.3317671972077336,1.1748391698434444,-0.2922193366820346,0.2839465929054422,-0.5080660691429335,0,1,0.0,0.0,1.0,0.0,0.0,1.0,0.0,0.0,0.0,0.0,0.0,0.0,0.0,1.0,0.0
-1.2461429383393465,-0.2359349110408315,-0.2738273867681629,1.4168470888034037,-1.7845832660037395,0.0,-0.1938885351752689,0.42729117629537045,1.5913458424115845,1.3562278122362366,0.5080660691429335,1,0,1.0,0.0,0.0,1.0,0.0,0.0,0.0,0.0,0.0,0.0,0.0,0.0,0.0,0.0,1.0
0.5762526998339625,1.1755817022254222,0.9241068061425007,-1.3699121955925249,1.7404503001104774,1.496055972918659,-0.7628278661915013,-0.011113844288235185,1.7397527178224481,-3.246181535464667e-16,-1.5241982074288005,1,1,1.0,0.0,0.0,1.0,0.0,0.0,1.0,0.0,0.0,1.0,0.0,0.0,1.0,0.0,0.0
0.13616828687646418,-1.2697217263907639,-6.547564913010081e-16,1.4168470888034037,-0.9069218475018324,-0.6938564681795322,1.3706946251193701,1.3797668063128086,0.10892287332437912,1.0170632191866944,-1.016132138285867,0,0,1.0,0.0,0.0,1.0,0.0,1.0,0.0,0.0,1.0,0.0,0.0,0.0,0.0,0.0,0.0
-0.4860340075722018,1.2258061628901964,-0.08952981862806078,-0.44099243412721534,-1.4104980712324349,0.03611434551986492,-1.6162368627158499,-0.8483395727699111,-0.15783741188859096,1.267622066143578,-1.016132138285867,1,0,0.0,0.0,0.0,0.0,0.0,0.0,0.0,1.0,1.0,0.0,0.0,0.0,0.0,0.0,1.0
-0.9411259074231817,-0.22512270075883153,-0.8267200911884691,-1.3699121955925249,-0.1587514579592231,0.0,1.5129294578734285,1.4193511189983439,-1.6386145959543643,0.32909715435849884,0.5080660691429335,0,0,1.0,0.0,0.0,0.0,1.0,0.0,0.0,0.0,0.0,1.0,0.0,0.0,0.0,1.0,0.0
0.8865426315505398,0.12296071412619966,1.2927019424227049,1.4168470888034037,-1.6694801291510304,1.496055972918659,1.228459792365312,1.5409064862716249,-0.7335759459077855,0.9896694990956105,-1.5241982074288005,0,0,1.0,0.0,0.0,0.0,0.0,0.0,0.0,0.0,1.0,0.0,1.0,0.0,0.0,1.0,0.0
-0.1789889378866476,1.1693036446423255,-1.1953152274686734,1.4168470888034037,-0.4321214079844073,-1.4238272818789293,-0.6917104498144723,-0.6094324820483618,0.21096154465316008,-0.17148515740365114,0.5080660691429335,0,0,0.0,1.0,0.0,0.0,0.0,0.0,0.0,0.0,0.0,1.0,1.0,0.0,0.0,1.0,0.0
1.6361057607168596,-0.34022042311560535,1.2927019424227049,1.4168470888034037,-0.3601819474514641,0.766085159219262,1.0151075432342247,-0.5073189674657641,-0.037551993583064484,0.7382183485526981,0.0,1,0,0.0,0.0,0.0,0.0,0.0,0.0,0.0,1.0,0.0,1.0,1.0,0.0,0.0,0.0,0.0
0.0,-1.5773465479625048,0.0026189654419902656,1.4168470888034037,0.8484009895019817,-1.4238272818789293,-1.6162368627158499,-0.7782788423530345,0.06083732835036735,-1.2060219350454278,-1.016132138285867,1,0,1.0,0.0,0.0,0.0,0.0,0.0,0.0,0.0,0.0,1.0,1.0,0.0,1.0,0.0,0.0
0.29638334965822627,1.2913769865358735,1.661297078702909,-1.3699121955925249,1.0929951553139885,-0.6938564681795322,1.655164290627486,0.6674243297992152,-0.6913579823145312,0.08844287720653478,-1.016132138285867,0,0,0.0,0.0,0.0,0.0,0.0,0.0,0.0,0.0,1.0,0.0,0.0,0.0,0.0,0.0,0.0
-0.17838052625583078,0.0,0.37121410172219443,-0.44099243412721534,0.40237633419773383,-1.4238272818789293,0.09058113033284712,-0.11147584061041099,-1.6046971133387666,-0.15586984464814735,0.0,0,1,1.0,0.0,0.0,0.0,0.0,0.0,0.0,0.0,1.0,0.0,1.0,0.0,0.0,0.0,1.0
-0.055886984584711405,-1.1357898312846997,-0.9188688752585202,1.4168470888034037,1.4095287816589386,-1.4238272818789293,-0.6917104498144723,0.0,0.6305651692478105,-1.5567864747133442,-1.5241982074288005,0,1,0.0,1.0,0.0,0.0,0.0,0.0,0.0,0.0,0.0,1.0,0.0,0.0,0.0,0.0,0.0
-0.15870855019275365,0.8881861773103263,1.1084043742826029,-1.3699121955925249,-1.525601208085144,-1.4238272818789293,-0.4783582006833849,0.19574046226759312,1.5989307646842708,0.5199608914100565,0.0,1,0,1.0,0.0,0.0,0.0,0.0,1.0,0.0,0.0,0.0,0.0,1.0,0.0,0.0,1.0,0.0
-0.0378374395371458,1.1309377371900675,-0.458124954908265,-0.44099243412721534,-1.2666191501665485,0.03611434551986492,-1.5451194463388207,0.23112113112811583,0.1895663393745447,1.7347429934296483,1.5241982074288005,1,0,0.0,0.0,0.0,1.0,0.0,1.0,0.0,0.0,0.0,0.0,1.0,0.0,0.0,1.0,0.0
-1.0652418801098127,-0.678189189672314,1.569148294632858,1.4168470888034037,0.0,0.03611434551986492,1.7262817070045149,1.5102549167142412,-0.14867826046496968,-0.28828769681481947,1.016132138285867,0,0,1.0,0.0,0.0,0.0,1.0,0.0,0.0,0.0,1.0,0.0,1.0,0.0,0.0,0.0,1.0
-0.4197171398131686,0.9105081598280037,0.0026189654419902656,-0.44099243412721534,0.0,0.766085159219262,-1.6162368627158499,-1.6300421723962124,-1.0932873068964124,1.0696199004037898,1.016132138285867,0,1,0.0,0.0,0.0,0.0,0.0,0.0,0.0,0.0,0.0,1.0,1.0,0.0,0.0,1.0,0.0
0.8869482393044177,1.1096620976029063,-1.5639103637488776,-0.44099243412721534,-1.1659039054204279,-0.6938564681795322,0.5884030449720504,0.02041348439935931,1.659824810477253,0.7564213417076854,1.016132138285867,0,0,0.0,0.0,0.0,1.0,0.0,0.0,0.0,1.0,0.0,0.0,1.0,1.0,0.0,0.0,0.0
0.05950842139354509,0.9624765253769713,1.569148294632858,-1.3699121955925249,-0.8781460632886551,-1.4238272818789293,-0.1938885351752689,0.5963126884260854,-0.9377248444358445,0.9690572862583455,-0.5080660691429335,0,0,0.0,1.0,0.0,0.0,0.0,0.0,1.0,0.0,0.0,0.0,1.0,0.0,0.0,1.0,0.0
-0.7871977648265267,0.5714930503407789,-1.1031664433986224,-0.44099243412721534,-0.5184487606239391,-1.4238272818789293,1.5840468742504568,0.036177148743156556,1.3263744539610405,-3.246181535464667e-16,1.5241982074288005,0,0,0.0,0.0,0.0,0.0,1.0,0.0,0.0,0.0,0.0,1.0,1.0,0.0,0.0,1.0,0.0
0.9404884628162977,0.669500504832456,0.27906531765214343,-1.3699121955925249,0.5318673631570316,-1.4238272818789293,-0.9050626989455594,1.5170858379298868,-0.25958985973538373,0.4757918639016316,-0.5080660691429335,1,1,0.0,0.0,0.0,0.0,0.0,0.0,1.0,0.0,0.0,1.0,1.0,0.0,0.0,1.0,0.0
1.77178155438901,-0.29906426784863777,-0.8267200911884691,1.4168470888034037,1.0929951553139885,-1.4238272818789293,0.1616985467098762,-1.4978025437343576,-0.893646428209667,0.4245736380635792,-1.5241982074288005,0,1,1.0,0.0,0.0,1.0,0.0,0.0,1.0,0.0,0.0,0.0,0.0,0.0,0.0,1.0,0.0
0.8311771731462093,-0.7339941459665074,-1.1031664433986224,-0.44099243412721534,-0.2306909184921663,0.03611434551986492,-0.051653702421210694,0.5483210880905248,1.3877693908475017,-1.3100645331763845,0.0,0,1,1.0,0.0,0.0,0.0,0.0,0.0,0.0,0.0,0.0,1.0,1.0,0.0,0.0,0.0,1.0
0.7015854957822271,0.798898247239617,0.8319580220724497,-0.44099243412721534,-0.6479397895832368,0.766085159219262,0.7306378777261087,0.24198054434273172,-1.6055557837847312,1.0837182970630448,0.5080660691429335,0,0,0.0,0.0,1.0,0.0,0.0,0.0,0.0,1.0,1.0,0.0,1.0,1.0,0.0,0.0,0.0
-1.391756121981505,0.28758533519407015,0.9241068061425007,0.4879273273380942,-0.05803621321310263,1.496055972918659,-1.5451194463388207,-0.9921392219505505,0.5162188881935384,0.6598740936993706,1.5241982074288005,0,0,1.0,0.0,0.0,0.0,0.0,0.0,1.0,0.0,0.0,1.0,1.0,0.0,0.0,0.0,0.0
-0.7206780931905546,0.35385372079342475,-0.9188688752585202,1.4168470888034037,0.9491162342481022,-0.6938564681795322,-1.0472975316996174,0.0,0.524018478077716,-0.18558355406290597,-1.5241982074288005,0,1,0.0,0.0,0.0,1.0,0.0,0.0,1.0,0.0,1.0,0.0,1.0,0.0,0.0,0.0,0.0
0.8405061514854005,0.20004131000755426,1.75344586277296,1.4168470888034037,0.9203404500349249,-1.4238272818789293,-0.9761801153225884,-1.5223237993802645,1.3287357976874428,1.1356503657699202,0.5080660691429335,0,1,0.0,0.0,1.0,0.0,1.0,0.0,0.0,0.0,0.0,1.0,1.0,0.0,0.0,0.0,0.0
0.9368379930313968,1.3607844009267764,0.7398092380023986,0.4879273273380942,-0.40334562377123,0.766085159219262,0.8728727104801665,1.3466631111908343,1.3832613710061883,-1.5705279499381877,-1.5241982074288005,0,0,1.0,0.0,0.0,0.0,0.0,0.0,0.0,1.0,0.0,1.0,1.0,0.0,0.0,0.0,1.0
0.0,-0.28720571463612166,1.476999510562807,0.4879273273380942,-1.324170718592903,1.496055972918659,-1.1184149480766465,-0.2969616243890919,0.9316722722993603,1.1112012475127313,-0.5080660691429335,1,0,0.0,1.0,0.0,1.0,0.0,0.0,0.0,1.0,0.0,1.0,1.0,0.0,0.0,1.0,0.0
-0.8305977944914598,1.117335279093358,-0.6424225230483671,-1.3699121955925249,0.4599279026240884,0.766085159219262,0.30393337946393445,0.20344714261344957,-1.3724983135758675,-0.6720674691658011,1.016132138285867,0,1,1.0,0.0,0.0,0.0,0.0,0.0,1.0,0.0,0.0,0.0,0.0,0.0,0.0,1.0,0.0
0.31281046369028037,0.28549264933303786,1.1084043742826029,-1.3699121955925249,0.41676422630432247,0.03611434551986492,-0.9761801153225884,1.1009250992536395,0.41053086746940837,1.7262661093623748,0.0,1,1,0.0,1.0,0.0,1.0,0.0,0.0,0.0,1.0,0.0,0.0,1.0,0.0,0.0,1.0,0.0
1.4984019282753198,1.4797187140287762,1.476999510562807,-0.44099243412721534,-0.34579405534487545,1.496055972918659,1.2995772087423412,0.11341910402776306,1.768947512985241,0.2864450429463228,-0.5080660691429335,0,0,1.0,0.0,0.0,0.0,1.0,0.0,0.0,0.0,0.0,1.0,1.0,0.0,1.0,0.0,0.0
-0.6620677727552011,-0.0577078318762514,1.569148294632858,-0.44099243412721534,0.028291139426429215,0.766085159219262,1.5840468742504568,0.0,1.126876687015289,-1.5213620223480013,0.0,0,0,1.0,0.0,0.0,1.0,1.0,0.0,0.0,0.0,0.0,1.0,1.0,0.0,0.0,0.0,1.0
1.7233114278006036,1.1672109587812933,0.5555116698622966,-0.44099243412721534,-1.4680496396587894,0.03611434551986492,0.09058113033284712,-0.5192292916366331,-1.6353230259115004,-1.0185489516207795,1.5241982074288005,0,0,0.0,1.0,0.0,0.0,1.0,0.0,0.0,0.0,0.0,0.0,1.0,0.0,0.0,1.0,0.0
-0.7926734695038781,-0.8902480235902489,0.18691653358209237,-0.44099243412721534,-1.209067581740194,0.766085159219262,-0.4783582006833849,-0.922253643359716,1.7597883615616197,0.8202210481087437,0.5080660691429335,1,0,0.0,0.0,0.0,1.0,0.0,0.0,0.0,0.0,0.0,1.0,1.0,0.0,0.0,0.0,0.0
0.9212220945070985,-1.0890531803883128,-1.4717615796788266,-1.3699121955925249,1.481468242191882,0.766085159219262,-0.9050626989455594,0.0,1.2878058397631351,1.1320811514258051,-1.5241982074288005,0,1,0.0,0.0,0.0,1.0,0.0,0.0,1.0,0.0,0.0,0.0,0.0,0.0,0.0,1.0,0.0
1.6669319500115785,0.6844980868365206,1.0162555902125519,1.4168470888034037,-0.6191640053700596,1.496055972918659,-1.6162368627158499,-0.3481059575934119,0.5087055217913491,1.587780592810707,-1.016132138285867,0,0,0.0,1.0,0.0,0.0,0.0,0.0,0.0,1.0,0.0,1.0,0.0,0.0,0.0,1.0,0.0
-0.9348389872380746,-1.407141431265215,-0.18167860269811184,-0.44099243412721534,0.9778920184612795,0.03611434551986492,-0.8339452825685303,-0.9744488875202891,0.5265229335451124,1.2348745245363215,-1.016132138285867,1,0,1.0,0.0,0.0,0.0,1.0,0.0,0.0,0.0,0.0,0.0,1.0,0.0,0.0,0.0,0.0
0.2156674066365284,0.24049990332084448,1.661297078702909,1.4168470888034037,0.0,-1.4238272818789293,0.5884030449720504,0.11534577411422717,1.4013650062419396,-1.3057814759634463,0.0,0,0,0.0,1.0,0.0,0.0,0.0,0.0,1.0,0.0,0.0,0.0,0.0,0.0,0.0,1.0,0.0
0.22945807026837628,0.0,0.37121410172219443,-0.44099243412721534,-1.0939644448874848,-0.6938564681795322,0.1616985467098762,-0.5048668419011734,-0.5935411073450756,0.4013737448268307,1.016132138285867,1,0,1.0,0.0,0.0,0.0,0.0,0.0,1.0,0.0,1.0,0.0,1.0,1.0,0.0,0.0,0.0
0.0,-0.7388770796422494,0.27906531765214343,0.4879273273380942,0.04267903153301785,1.496055972918659,1.5840468742504568,1.2725738887749873,1.4875898301908745,-1.00926899432608,1.016132138285867,0,0,0.0,0.0,1.0,0.0,0.0,0.0,0.0,0.0,0.0,0.0,0.0,0.0,0.0,0.0,0.0
0.06660655708640797,0.7165859367056817,0.18691653358209237,-0.44099243412721534,1.193710400060109,0.03611434551986492,-0.3361233679293271,0.3421673888388653,1.3531363495269337,1.110755095719717,0.0,0,1,0.0,0.0,0.0,0.0,0.0,0.0,0.0,1.0,0.0,1.0,0.0,0.0,1.0,0.0,0.0
-1.2919766145275469,-1.4367878142965054,-1.6560591478189286,-0.44099243412721534,-0.014872536893336707,0.766085159219262,0.7306378777261087,-1.2263172133689606,-1.6374697020264117,-1.4564023212851056,-0.5080660691429335,0,0,0.0,0.0,0.0,0.0,0.0,0.0,0.0,1.0,0.0,1.0,0.0,1.0,0.0,0.0,0.0
-1.602469350121063,-1.5857172914066338,1.0162555902125519,-0.44099243412721534,1.5677955948314137,0.03611434551986492,-0.051653702421210694,-1.5605068974574623,1.2731368863112416,0.43037361137276625,-1.016132138285867,1,0,1.0,0.0,0.0,0.0,1.0,0.0,0.0,0.0,0.0,0.0,1.0,0.0,0.0,0.0,0.0
-1.3737065769339394,0.7873884750039396,-0.8267200911884691,-1.3699121955925249,0.9347283421415136,-0.6938564681795322,0.09058113033284712,0.046861410131730244,-1.0866326109401874,1.6449772526751523,-0.5080660691429335,0,0,1.0,0.0,0.0,0.0,1.0,0.0,0.0,0.0,0.0,0.0,1.0,1.0,0.0,0.0,0.0
-1.244317703446896,0.7312347377329075,0.7398092380023986,0.4879273273380942,1.0786072632074,-0.6938564681795322,-0.8339452825685303,-1.6426531038712502,2.603187403912355e-16,-0.518234330934438,0.5080660691429335,0,1,0.0,0.0,0.0,1.0,0.0,0.0,1.0,0.0,1.0,0.0,1.0,0.0,0.0,1.0,0.0
0.170239338202206,1.0060741474818098,1.1084043742826029,-0.44099243412721534,-0.8349823869688892,-1.4238272818789293,-0.1227711187982398,0.13829066332575427,0.6078819583002484,-1.2351110319499663,-1.016132138285867,0,0,1.0,0.0,0.0,0.0,0.0,0.0,0.0,1.0,0.0,0.0,1.0,0.0,0.0,0.0,0.0
-0.31263669278940864,1.2735891567170994,-1.3796127956087754,-0.44099243412721534,-1.6982559133642077,0.0,-0.051653702421210694,1.1881507086226508,1.1315993744680939,1.5100609504675997,0.5080660691429335,0,0,0.0,0.0,1.0,0.0,0.0,0.0,0.0,1.0,0.0,0.0,1.0,0.0,0.0,1.0,0.0
-1.6395824596008888,-1.4779439695634728,1.661297078702909,1.4168470888034037,-1.798971158110328,-0.6938564681795322,0.7306378777261087,1.0879638641265172,-1.2789747908362346,-0.25009710333278734,-1.5241982074288005,1,0,1.0,0.0,0.0,0.0,1.0,0.0,0.0,0.0,0.0,1.0,1.0,0.0,0.0,1.0,0.0
-0.6819425526952172,0.24224380820503802,-0.9188688752585202,0.4879273273380942,0.5030915789438544,1.496055972918659,1.5840468742504568,0.7106868308316365,0.8811538277284492,-1.5932816913819217,-0.5080660691429335,0,0,1.0,0.0,0.0,0.0,0.0,1.0,0.0,0.0,0.0,1.0,1.0,1.0,0.0,0.0,0.0
1.3550195872794897,-0.7137648493098623,0.37121410172219443,-0.44099243412721534,0.877176773715159,1.496055972918659,-0.6205930334374431,1.5307476803611777,2.603187403912355e-16,0.7699843562153229,0.0,0,0,0.0,0.0,0.0,0.0,0.0,0.0,1.0,0.0,0.0,1.0,0.0,0.0,1.0,0.0,0.0
-0.44770407483074226,0.3015365742676185,1.384850726492756,1.4168470888034037,1.481468242191882,0.766085159219262,-1.6162368627158499,1.1695846150621785,1.3781809042008983,-1.0099828371949031,0.0,0,1,1.0,0.0,0.0,0.0,0.0,0.0,0.0,1.0,0.0,1.0,1.0,0.0,0.0,1.0,0.0
-0.7342659529454636,-0.9028041387564424,0.27906531765214343,1.4168470888034037,0.8915646658217476,-1.4238272818789293,0.019463713955818012,-0.11077523330624223,-0.2620943152027802,1.6389095882901565,-0.5080660691429335,0,0,1.0,0.0,0.0,0.0,0.0,0.0,0.0,0.0,0.0,0.0,0.0,0.0,0.0,1.0,0.0
0.5338666895537243,-0.8243284189677329,-0.2738273867681629,-1.3699121955925249,0.4599279026240884,0.766085159219262,0.1616985467098762,-0.05805453366754254,-0.4735419125215373,0.44741660986591614,0.0,0,1,0.0,0.0,0.0,1.0,0.0,0.0,0.0,0.0,0.0,1.0,1.0,0.0,0.0,1.0,0.0
-0.6196817624749629,-1.1155605346280546,-1.7482079318889796,1.4168470888034037,-1.683868021257619,-1.4238272818789293,-1.1895323644536755,1.354720095188775,0.9388994152195616,-3.246181535464667e-16,-1.5241982074288005,0,0,1.0,0.0,0.0,0.0,0.0,1.0,0.0,0.0,0.0,1.0,0.0,0.0,0.0,1.0,0.0
0.7076696120903953,-0.2558154267206379,1.0162555902125519,-0.44099243412721534,-0.18752724217240038,-0.6938564681795322,0.9439901268571956,-0.2137645070190509,-0.04027111666195205,1.2686928304468124,-1.016132138285867,1,0,1.0,0.0,0.0,1.0,1.0,0.0,0.0,0.0,0.0,1.0,1.0,1.0,0.0,0.0,0.0
-0.16519827425479972,0.033672784055490255,1.0162555902125519,-1.3699121955925249,-0.7342671422227687,1.496055972918659,1.7262817070045149,0.04055594439421135,-0.21164742650236604,0.1009351274109378,0.5080660691429335,1,0,1.0,0.0,0.0,1.0,1.0,0.0,0.0,0.0,0.0,1.0,1.0,0.0,0.0,1.0,0.0
1.4499318016869134,0.5327783619116823,1.2927019424227049,0.0,0.5318673631570316,1.496055972918659,1.5840468742504568,0.7910815189850025,-1.1144678445635365,-1.6163923542600673,-1.5241982074288005,0,0,1.0,0.0,0.0,1.0,0.0,0.0,0.0,0.0,0.0,1.0,0.0,0.0,1.0,0.0,0.0
0.8587585004099051,0.46999778608071474,-1.0110176593285713,-0.44099243412721534,1.7116745158973001,-0.6938564681795322,-1.0472975316996174,-1.2263172133689606,-0.22302480991139562,-0.07591944333996795,1.016132138285867,1,1,0.0,0.0,0.0,1.0,0.0,0.0,0.0,0.0,0.0,0.0,1.0,0.0,1.0,0.0,0.0
-0.8070725447665428,0.7225152133119398,0.18691653358209237,0.4879273273380942,-0.6047761132634709,0.766085159219262,1.3706946251193701,0.771464514468277,-0.9218394411855013,-1.6333461223946142,0.0,0,0,0.0,1.0,0.0,0.0,1.0,0.0,0.0,0.0,0.0,1.0,1.0,0.0,0.0,0.0,0.0
-1.494983295343425,0.4902270827373598,-0.6424225230483671,1.4168470888034037,-1.122740229100662,0.766085159219262,0.7306378777261087,1.0890147750827703,-1.2429821879762228,1.483202612528133,-1.016132138285867,0,0,1.0,0.0,0.0,0.0,0.0,0.0,0.0,0.0,0.0,1.0,1.0,1.0,0.0,0.0,0.0
0.0,-0.12048840770721896,0.4633628857922455,-1.3699121955925249,1.6109592711511795,0.03611434551986492,-0.1227711187982398,-0.7891382555676504,1.4431536346122118,-3.246181535464667e-16,-1.016132138285867,0,1,1.0,0.0,0.0,1.0,0.0,1.0,0.0,0.0,0.0,0.0,1.0,0.0,0.0,1.0,0.0
1.1295016761233891,0.5031319788803921,-0.18167860269811184,0.4879273273380942,-0.8205944948623005,-1.4238272818789293,0.1616985467098762,-0.7966697840874646,-1.3319261350040452,-1.3763626896183234,1.5241982074288005,0,0,1.0,0.0,0.0,0.0,0.0,0.0,0.0,0.0,1.0,0.0,1.0,0.0,0.0,1.0,0.0
1.538354292032291,-0.4298571341631535,-0.7345713071184181,-0.44099243412721534,1.6253471632577683,0.766085159219262,1.228459792365312,-0.34477807289861023,2.603187403912355e-16,-1.062182596977587,1.5241982074288005,0,0,1.0,0.0,0.0,0.0,0.0,0.0,0.0,1.0,0.0,1.0,1.0,1.0,0.0,0.0,0.0
-0.24530580564568077,-1.5323538019503113,-0.2738273867681629,1.4168470888034037,0.718909960542684,-0.6938564681795322,-0.051653702421210694,0.0,0.6516741510444376,-0.6767074478131508,-1.5241982074288005,0,1,1.0,0.0,0.0,0.0,0.0,1.0,0.0,0.0,0.0,1.0,0.0,0.0,0.0,1.0,0.0
1.3903074618668652,0.03227766014813543,-0.458124954908265,1.4168470888034037,0.05706692363960649,0.766085159219262,-0.40724078430635624,1.6190242006864424,0.38806232413333736,-0.11571618327685189,-1.016132138285867,1,1,1.0,0.0,0.0,1.0,0.0,0.0,0.0,0.0,0.0,1.0,0.0,0.0,0.0,0.0,0.0
0.49046665988879123,1.2435939927089705,-0.458124954908265,-1.3699121955925249,1.0786072632074,1.496055972918659,0.019463713955818012,0.850983443491432,-1.2299590195457613,0.517462441369176,0.0,0,1,1.0,0.0,0.0,1.0,0.0,1.0,0.0,0.0,0.0,1.0,1.0,0.0,0.0,1.0,0.0
1.6961357082907857,-0.0015540946052193117,-6.547564913010081e-16,1.4168470888034037,0.08584270785278378,-1.4238272818789293,0.30393337946393445,1.6146454050353876,1.5898431691311465,-0.23599870667353248,-1.5241982074288005,0,1,0.0,0.0,0.0,1.0,0.0,0.0,0.0,1.0,1.0,0.0,0.0,0.0,0.0,1.0,0.0
0.7599930123406416,0.1274948668251029,1.75344586277296,1.4168470888034037,1.596571379044591,0.03611434551986492,-1.1184149480766465,0.8952968554801065,-0.2560836220810287,-1.156677546738036,0.5080660691429335,0,1,1.0,0.0,0.0,1.0,0.0,0.0,1.0,0.0,0.0,0.0,1.0,0.0,0.0,1.0,0.0
0.4351012014844608,-1.3614511232993443,-0.6424225230483671,1.4168470888034037,1.3088135369128182,-1.4238272818789293,1.4418120414963993,-0.6824707935079557,-0.48584952224702843,1.6735309674280736,-1.5241982074288005,0,0,0.0,1.0,0.0,0.0,0.0,0.0,0.0,1.0,0.0,0.0,1.0,0.0,0.0,1.0,0.0
1.103745583752144,1.3921746888422604,-0.2738273867681629,1.4168470888034037,0.8915646658217476,1.496055972918659,0.6595204613490796,1.7393535051774278,-0.24019821883068554,1.4891810465545259,-1.5241982074288005,0,0,0.0,1.0,0.0,1.0,0.0,0.0,0.0,0.0,0.0,1.0,1.0,0.0,0.0,0.0,1.0
0.0,0.4616270426365857,1.1084043742826029,-0.44099243412721534,1.236874076379875,1.496055972918659,0.5172856285950214,0.7837251422912304,2.603187403912355e-16,0.8723315775328249,0.5080660691429335,0,0,1.0,0.0,0.0,0.0,0.0,0.0,0.0,1.0,0.0,0.0,0.0,0.0,0.0,1.0,0.0
1.5265916671698325,1.223713477029164,-1.0110176593285713,0.4879273273380942,1.5821834869380023,1.496055972918659,-1.4028846135847628,1.2844842129458562,1.0640506327188868,-1.068964104231406,1.016132138285867,0,0,0.0,1.0,0.0,0.0,0.0,0.0,0.0,0.0,0.0,1.0,1.0,0.0,1.0,0.0,0.0
-0.06764960944716988,0.6363663120327787,0.0026189654419902656,0.0,-0.5328366527305277,1.496055972918659,0.3750507958409635,0.6861655751857296,0.9197939977968516,0.39468146793161474,1.5241982074288005,0,0,0.0,1.0,0.0,1.0,1.0,0.0,0.0,0.0,0.0,0.0,1.0,0.0,0.0,1.0,0.0
-1.1260830431914943,1.2966087011884542,0.5555116698622966,-0.44099243412721534,1.481468242191882,-0.6938564681795322,-1.3317671972077336,1.3366794571064293,-1.428526560175051,1.090142882882452,0.0,0,0,0.0,0.0,0.0,0.0,0.0,1.0,0.0,0.0,0.0,0.0,1.0,0.0,1.0,0.0,0.0
-0.4320881763064439,-1.201360654930377,0.6476604539323476,-1.3699121955925249,0.0,0.03611434551986492,-1.4740020299617915,-0.7525315239248324,0.853103926493609,-1.0948409082262407,1.016132138285867,1,1,0.0,1.0,0.0,0.0,0.0,0.0,0.0,0.0,0.0,1.0,1.0,1.0,0.0,0.0,0.0
-0.33149745334473,0.2052730246601349,0.09476774951204131,1.4168470888034037,-1.4536617475522007,1.496055972918659,0.09058113033284712,1.2582114390395276,0.38641653911190543,-3.246181535464667e-16,1.016132138285867,0,0,0.0,1.0,0.0,0.0,0.0,0.0,0.0,0.0,0.0,1.0,0.0,0.0,0.0,0.0,1.0
-1.1759727969184735,0.6436907125463917,-0.18167860269811184,-0.44099243412721534,-0.7918187106491232,1.496055972918659,-0.3361233679293271,1.368381937620066,-1.734928797643382,1.185887057663341,1.016132138285867,1,0,0.0,0.0,0.0,1.0,0.0,0.0,0.0,1.0,1.0,0.0,1.0,0.0,0.0,1.0,0.0
0.9577267923561075,-1.2906485850010863,-0.6424225230483671,1.4168470888034037,-1.7558074817905622,0.766085159219262,0.30393337946393445,1.478902739852689,0.4195469071520356,0.723584569741826,1.5241982074288005,0,0,0.0,1.0,0.0,0.0,0.0,0.0,1.0,0.0,0.0,1.0,0.0,1.0,0.0,0.0,0.0
-0.1789889378866476,-1.2833241844874734,-0.36597617083821393,-0.44099243412721534,-1.6119285607246758,0.03611434551986492,-1.4740020299617915,1.3862474238763696,0.9006170245036444,-1.558481851526799,-0.5080660691429335,0,0,1.0,0.0,0.0,1.0,0.0,0.0,0.0,0.0,0.0,1.0,1.0,0.0,0.0,1.0,0.0
-1.3607271288098473,0.0,-1.0110176593285713,-0.44099243412721534,-0.05803621321310263,-1.4238272818789293,-0.1938885351752689,1.397632292569112,1.6384296051986376,1.2410314192799201,1.5241982074288005,1,0,1.0,0.0,0.0,0.0,0.0,0.0,0.0,1.0,0.0,1.0,1.0,1.0,0.0,0.0,0.0
0.13190940546074645,-0.6244769192391529,-0.7345713071184181,-1.3699121955925249,0.24410952102525882,0.03611434551986492,-1.1184149480766465,1.1842973684497227,0.6299927222838341,1.5983990054844497,1.016132138285867,0,0,1.0,0.0,0.0,1.0,0.0,1.0,0.0,0.0,0.0,1.0,1.0,1.0,0.0,0.0,0.0
1.276940094657998,1.3702014873014217,1.661297078702909,0.4879273273380942,-1.8133590502169168,0.03611434551986492,1.7262817070045149,-0.8385310705115484,-0.01608523243395208,-0.09903010621811356,-0.5080660691429335,0,0,0.0,0.0,0.0,1.0,0.0,1.0,0.0,0.0,0.0,0.0,1.0,0.0,0.0,0.0,0.0
0.6738013646415925,-1.6265246656967627,-0.08952981862806078,0.4879273273380942,0.24410952102525882,0.03611434551986492,0.23281596308690533,-1.409350871583051,-1.1133945065060808,0.9549588895990907,0.5080660691429335,0,1,0.0,0.0,0.0,0.0,0.0,0.0,0.0,0.0,0.0,0.0,0.0,0.0,0.0,1.0,0.0
-0.100706641388217,-0.19722022261173486,-1.1953152274686734,0.0,0.5462552552636203,1.496055972918659,0.6595204613490796,-0.34145018820380857,-1.0881352842206253,1.6920016516588694,1.5241982074288005,1,0,0.0,0.0,1.0,0.0,0.0,0.0,0.0,1.0,0.0,0.0,1.0,0.0,0.0,1.0,0.0
1.260918588379822,-0.6209891094707658,1.384850726492756,-1.3699121955925249,-1.7845832660037395,1.496055972918659,-0.6205930334374431,0.9630806121584347,-1.2740374357719386,-1.5014636523795595,0.0,1,0,0.0,1.0,0.0,0.0,0.0,1.0,0.0,0.0,0.0,1.0,1.0,0.0,0.0,0.0,0.0
-1.628631050246186,0.9677082400295519,-0.18167860269811184,1.4168470888034037,0.7620736368624499,-0.6938564681795322,-1.4028846135847628,-0.08292609296553376,-1.0499960052457022,-0.3053306953079693,1.016132138285867,1,0,1.0,0.0,0.0,1.0,0.0,0.0,0.0,0.0,0.0,1.0,1.0,1.0,0.0,0.0,0.0
1.718646938631008,0.0,-0.36597617083821393,1.4168470888034037,-1.1515160133138393,-1.4238272818789293,1.7262817070045149,-0.7015623425465546,-1.738291923556743,-0.9540354023508981,-1.016132138285867,0,0,1.0,0.0,0.0,1.0,0.0,0.0,0.0,0.0,1.0,0.0,1.0,0.0,0.0,1.0,0.0
1.1025287604905103,0.0,1.75344586277296,-0.44099243412721534,-0.46089719219758457,0.766085159219262,-0.7628278661915013,1.2552338579968103,-0.9450235432265427,-0.042458058863888405,0.5080660691429335,1,0,0.0,1.0,0.0,1.0,0.0,0.0,1.0,0.0,0.0,1.0,1.0,0.0,0.0,0.0,1.0
-0.5480919939155172,0.2129462061505865,-1.4717615796788266,0.4879273273380942,-1.640704344937853,0.03611434551986492,-0.265005951552298,-1.3331598272546976,-0.8464195536816197,-1.2955199847241152,-0.5080660691429335,0,0,0.0,1.0,0.0,0.0,0.0,1.0,0.0,0.0,0.0,1.0,0.0,0.0,0.0,0.0,1.0
-0.8979286816351876,0.0,0.4633628857922455,-1.3699121955925249,-0.10119988953286854,-1.4238272818789293,0.5172856285950214,-0.10744734861144058,-1.6934263927550979,0.2839465929054422,1.5241982074288005,1,0,0.0,0.0,1.0,1.0,0.0,0.0,0.0,1.0,1.0,0.0,0.0,0.0,1.0,0.0,0.0
1.4560159179950816,-1.0597555783338612,1.1084043742826029,0.4879273273380942,1.1649346158469318,-1.4238272818789293,-1.6873542790928788,-1.255917871970091,1.5502727727462826,0.17722708401639917,0.0,0,1,1.0,0.0,0.0,1.0,0.0,0.0,0.0,0.0,0.0,1.0,1.0,0.0,1.0,0.0,0.0
-1.3495729155782057,-1.232402161869022,-0.6424225230483671,1.4168470888034037,-1.0364128764611302,-0.6938564681795322,1.1573423759882828,-0.8923026811065012,0.2214087017457281,1.5746637300960837,-1.5241982074288005,0,0,0.0,1.0,0.0,1.0,0.0,1.0,0.0,0.0,0.0,1.0,1.0,0.0,0.0,1.0,0.0
-1.0952568538967755,1.6997995104140013,-0.2738273867681629,0.4879273273380942,1.553407702724825,0.766085159219262,0.1616985467098762,1.1753646253215708,-1.4409057257710391,-0.4337331813375119,0.0,0,1,0.0,1.0,0.0,1.0,0.0,1.0,0.0,0.0,0.0,1.0,1.0,0.0,0.0,0.0,1.0
0.05139626631598752,0.36885130279748923,1.569148294632858,1.4168470888034037,0.316048981558202,0.03611434551986492,-0.7628278661915013,1.109682690555749,-1.1375088348635838,1.7094015715864308,0.0,1,1,0.0,1.0,0.0,0.0,0.0,0.0,0.0,0.0,0.0,1.0,0.0,1.0,0.0,0.0,0.0
1.0153230934067663,-0.4765937850595405,-1.2874640115387244,-1.3699121955925249,-0.8781460632886551,0.766085159219262,-1.5451194463388207,0.8219082403684281,-0.21357943500578616,-1.7068719378833863,1.016132138285867,1,0,0.0,1.0,0.0,0.0,1.0,0.0,0.0,0.0,0.0,1.0,1.0,0.0,0.0,1.0,0.0
1.792670353713721,-0.20977633777792837,-0.08952981862806078,-1.3699121955925249,0.7908494210756272,-0.6938564681795322,-1.1895323644536755,0.6458806551960256,1.3197197580048154,1.5028332914207665,0.0,0,1,0.0,0.0,0.0,1.0,1.0,0.0,0.0,0.0,0.0,1.0,1.0,0.0,0.0,1.0,0.0
-0.029928088336527162,0.982008260079939,-0.6424225230483671,-0.44099243412721534,0.40237633419773383,1.496055972918659,1.4418120414963993,-1.6414270410889549,-1.5848761372110862,-0.8029684052362243,1.5241982074288005,0,0,1.0,0.0,0.0,1.0,0.0,0.0,1.0,0.0,0.0,0.0,0.0,0.0,0.0,1.0,0.0
0.25541696651656054,0.5111539413476823,0.5555116698622966,-0.44099243412721534,0.5606431473702089,-1.4238272818789293,0.6595204613490796,-1.3955138773257179,0.6407976587288874,1.2112284795065584,1.5241982074288005,1,0,0.0,0.0,0.0,0.0,0.0,1.0,0.0,0.0,0.0,1.0,1.0,1.0,0.0,0.0,0.0
-0.8135622688285888,-0.9729091151010228,-0.550273738978316,0.4879273273380942,-0.5328366527305277,0.03611434551986492,-0.9050626989455594,-1.2468099770158971,-0.04284712799984554,0.6380126558416652,-0.5080660691429335,0,0,0.0,1.0,0.0,0.0,1.0,0.0,0.0,0.0,1.0,0.0,1.0,0.0,0.0,1.0,0.0
1.3193261049382363,-0.08561031002334808,1.0162555902125519,-1.3699121955925249,0.8484009895019817,1.496055972918659,-1.5451194463388207,-1.6937974370755702,0.7245180272104257,-0.2111926669819322,1.5241982074288005,0,1,0.0,0.0,0.0,0.0,0.0,0.0,1.0,0.0,0.0,1.0,0.0,1.0,0.0,0.0,0.0
0.0,0.9331789233225198,-1.4717615796788266,-1.3699121955925249,-0.9356976317150096,-0.6938564681795322,0.7306378777261087,1.1173893709016054,0.41138953791537286,-1.5952447592711851,-0.5080660691429335,1,0,0.0,0.0,0.0,0.0,0.0,0.0,0.0,0.0,1.0,0.0,1.0,1.0,0.0,0.0,0.0
-0.8693333349867972,0.596605280673166,1.75344586277296,-0.44099243412721534,-0.3601819474514641,0.766085159219262,0.30393337946393445,-0.40275332731857566,1.653027002780034,0.8500239878821052,1.016132138285867,0,1,1.0,0.0,0.0,0.0,0.0,0.0,0.0,0.0,1.0,0.0,1.0,1.0,0.0,0.0,0.0
0.5129778902290135,0.8913252061018747,-1.1031664433986224,1.4168470888034037,0.675746284222918,0.0,-0.3361233679293271,-0.17698262355019065,-1.0351839400528147,-0.8662327294856653,1.016132138285867,0,1,1.0,0.0,0.0,1.0,0.0,0.0,0.0,1.0,0.0,0.0,1.0,0.0,0.0,1.0,0.0
1.842762911317639,1.0151424528796162,-6.547564913010081e-16,0.4879273273380942,1.2944256448062295,0.03611434551986492,-0.4783582006833849,-0.5710742321451218,1.5909880630590991,-1.5771309964748006,-1.016132138285867,0,1,0.0,0.0,1.0,1.0,0.0,0.0,0.0,0.0,1.0,0.0,1.0,1.0,0.0,0.0,0.0
1.1647895507107646,0.322463432877941,-0.6424225230483671,0.4879273273380942,0.17217006049231562,1.496055972918659,-0.9761801153225884,-1.520922584771927,-0.6151509802351821,1.3211602813053052,-1.016132138285867,0,1,0.0,1.0,0.0,0.0,0.0,0.0,1.0,0.0,0.0,0.0,1.0,1.0,0.0,0.0,0.0
-1.632281520031087,0.16028027864794148,-6.547564913010081e-16,-0.44099243412721534,1.0498314789942227,1.496055972918659,0.5884030449720504,-0.296085865258881,0.7175771077722127,-3.246181535464667e-16,0.5080660691429335,0,0,0.0,0.0,1.0,0.0,0.0,0.0,0.0,0.0,1.0,0.0,0.0,0.0,0.0,1.0,0.0
0.0,1.398452746425357,1.661297078702909,-1.3699121955925249,-1.7126438054707962,-1.4238272818789293,1.7262817070045149,-0.8005231242603928,1.3424029689523775,-1.0896655474272738,1.016132138285867,1,0,1.0,0.0,0.0,0.0,0.0,0.0,0.0,1.0,0.0,1.0,1.0,0.0,0.0,0.0,1.0
-1.5359496784850908,0.4441879937946503,1.661297078702909,-0.44099243412721534,-0.4321214079844073,0.766085159219262,-1.1184149480766465,0.0,-0.46094807931405807,0.18204552338095462,-1.5241982074288005,0,0,0.0,1.0,0.0,0.0,0.0,0.0,0.0,0.0,0.0,1.0,0.0,1.0,0.0,0.0,0.0
0.8800529074884937,1.1686060826886482,0.7398092380023986,-0.44099243412721534,-0.14436356585263446,-0.6938564681795322,0.3750507958409635,-0.23811061083891552,1.1829764894849695,-0.38545955733335446,-1.016132138285867,0,0,0.0,0.0,0.0,1.0,0.0,0.0,1.0,0.0,0.0,0.0,1.0,0.0,1.0,0.0,0.0
-0.3588759767314868,0.8013397140774879,0.9241068061425007,-0.44099243412721534,1.035443586887634,0.766085159219262,-0.265005951552298,0.6218848550282453,-1.1355768263601638,-0.9130786677521767,-0.5080660691429335,0,1,0.0,0.0,1.0,1.0,0.0,0.0,0.0,1.0,0.0,1.0,1.0,0.0,0.0,1.0,0.0
0.45436756979366005,-0.9408212652318616,-1.5639103637488776,-0.44099243412721534,-0.9069218475018324,0.766085159219262,-0.1938885351752689,0.43709967855373316,0.0725009352413851,1.364793926662113,0.0,0,0,1.0,0.0,0.0,0.0,0.0,0.0,0.0,1.0,1.0,0.0,1.0,0.0,0.0,1.0,0.0
